20240819_r1_count,20240819_r1_angle,,20240819_r10_count,20240819_r10_angle,,20240819_r11_count,20240819_r11_angle,,20240819_r12_count,20240819_r12_angle,,20240819_r13_count,20240819_r13_angle,,20240819_r15_count,20240819_r15_angle,,20240819_r16_count,20240819_r16_angle,,20240819_r17_count,20240819_r17_angle,,20240819_r18_count,20240819_r18_angle,,20240819_r19_count,20240819_r19_angle,,20240819_r2_count,20240819_r2_angle,,20240819_r20_count,20240819_r20_angle,,20240819_r3_count,20240819_r3_angle,,20240819_r4_count,20240819_r4_angle,,20240819_r5_count,20240819_r5_angle,,20240819_r6_count,20240819_r6_angle,,20240819_r7_count,20240819_r7_angle,,20240819_r8_count,20240819_r8_angle,,20240819_r9_count,20240819_r9_angle
466,-34,,491,-39,,466,-35,,479,-34,,486,-34,,470,-38,,477,-38,,466,-36,,467,-34,,468,-37,,468,-34,,474,-36,,484,-33,,477,-31,,487,-36,,475,-30,,476,-35,,455,-37,,478,-36
467,-34,,492,-39,,467,-35,,480,-34,,487,-34,,471,-38,,478,-38,,467,-36,,468,-34,,469,-37,,469,-34,,475,-36,,485,-33,,478,-31,,488,-36,,476,-30,,477,-35,,456,-37,,479,-36
468,-34,,493,-39,,468,-35,,481,-34,,488,-34,,472,-38,,479,-38,,468,-36,,469,-34,,470,-37,,470,-34,,476,-36,,486,-33,,479,-31,,489,-36,,477,-30,,478,-35,,457,-37,,480,-36
469,-34,,494,-39,,469,-35,,482,-34,,489,-34,,473,-38,,480,-38,,469,-36,,470,-34,,471,-37,,471,-34,,477,-36,,487,-33,,480,-31,,490,-36,,478,-30,,479,-35,,458,-37,,481,-36
470,-34,,495,-39,,470,-35,,483,-34,,490,-34,,474,-38,,481,-38,,470,-36,,471,-34,,472,-37,,472,-34,,478,-36,,488,-33,,481,-31,,491,-36,,479,-30,,480,-35,,459,-37,,482,-36
471,-34,,496,-39,,471,-35,,484,-34,,491,-34,,475,-38,,482,-38,,471,-36,,472,-34,,473,-37,,473,-34,,479,-36,,489,-33,,482,-31,,492,-36,,480,-30,,481,-35,,460,-37,,483,-36
472,-34,,497,-39,,472,-35,,485,-34,,492,-34,,476,-38,,483,-38,,472,-36,,473,-34,,474,-37,,474,-34,,480,-36,,490,-33,,483,-31,,493,-36,,481,-30,,482,-35,,461,-37,,484,-36
473,-34,,498,-39,,473,-35,,486,-34,,493,-34,,477,-38,,484,-38,,473,-36,,474,-34,,475,-37,,475,-34,,481,-36,,491,-33,,484,-31,,494,-36,,482,-30,,483,-35,,462,-37,,485,-36
474,-34,,499,-39,,474,-35,,487,-34,,494,-34,,478,-38,,485,-38,,474,-36,,475,-34,,476,-37,,476,-34,,482,-36,,492,-33,,485,-31,,495,-36,,483,-30,,484,-35,,463,-37,,486,-36
475,-34,,500,-39,,475,-35,,488,-34,,495,-34,,479,-38,,486,-38,,475,-36,,476,-34,,477,-37,,477,-34,,483,-36,,493,-33,,486,-31,,496,-36,,484,-30,,485,-35,,464,-37,,487,-36
476,-34,,501,-39,,476,-35,,489,-34,,496,-34,,480,-38,,487,-38,,476,-36,,477,-34,,478,-37,,478,-34,,484,-36,,494,-33,,487,-31,,497,-36,,485,-30,,486,-35,,465,-37,,488,-36
477,-34,,502,-39,,477,-35,,490,-34,,497,-34,,481,-38,,488,-38,,477,-36,,478,-34,,479,-37,,479,-34,,485,-36,,495,-33,,488,-31,,498,-36,,486,-30,,487,-35,,466,-37,,489,-36
478,-34,,503,-39,,478,-35,,491,-34,,498,-34,,482,-38,,489,-38,,478,-36,,479,-34,,480,-37,,480,-34,,486,-36,,496,-33,,489,-31,,499,-36,,487,-30,,488,-35,,467,-37,,490,-36
479,-34,,504,-39,,479,-35,,492,-34,,499,-34,,483,-38,,490,-38,,479,-36,,480,-34,,481,-37,,481,-34,,487,-36,,497,-33,,490,-31,,500,-36,,488,-30,,489,-35,,468,-37,,491,-36
480,-34,,505,-39,,480,-35,,493,-34,,500,-34,,484,-38,,491,-38,,480,-36,,481,-34,,482,-37,,482,-34,,488,-36,,498,-33,,491,-31,,501,-36,,489,-30,,490,-35,,469,-37,,492,-36
481,-34,,506,-39,,481,-35,,494,-34,,501,-34,,485,-38,,492,-38,,481,-36,,482,-34,,483,-37,,483,-34,,489,-36,,499,-33,,492,-31,,502,-36,,490,-30,,491,-35,,470,-37,,493,-36
482,-34,,507,-39,,482,-35,,495,-34,,502,-34,,486,-38,,493,-38,,482,-36,,483,-34,,484,-37,,484,-34,,490,-36,,500,-33,,493,-31,,503,-36,,491,-30,,492,-35,,471,-37,,494,-36
483,-34,,508,-39,,483,-35,,496,-34,,503,-34,,487,-38,,494,-38,,483,-36,,484,-34,,485,-37,,485,-34,,491,-36,,501,-33,,494,-31,,504,-36,,492,-30,,493,-35,,472,-37,,495,-36
484,-34,,509,-39,,484,-35,,497,-34,,504,-34,,488,-38,,495,-38,,484,-36,,485,-34,,486,-37,,486,-34,,492,-36,,502,-33,,495,-31,,505,-36,,493,-30,,494,-35,,473,-37,,496,-36
485,-34,,510,-39,,485,-35,,498,-34,,505,-34,,489,-38,,496,-38,,485,-36,,486,-34,,487,-38,,487,-34,,493,-36,,503,-33,,496,-31,,506,-36,,494,-30,,495,-35,,474,-37,,497,-36
486,-34,,511,-39,,486,-35,,499,-34,,506,-34,,490,-38,,497,-38,,486,-36,,487,-34,,488,-38,,488,-34,,494,-36,,504,-33,,497,-31,,507,-36,,495,-30,,496,-35,,475,-37,,498,-36
487,-34,,512,-39,,487,-35,,500,-34,,507,-34,,491,-38,,498,-38,,487,-36,,488,-34,,489,-38,,489,-34,,495,-36,,505,-33,,498,-31,,508,-36,,496,-31,,497,-35,,476,-37,,499,-36
488,-34,,513,-39,,488,-35,,501,-34,,508,-34,,492,-38,,499,-38,,488,-36,,489,-34,,490,-38,,490,-34,,496,-36,,506,-33,,499,-32,,509,-36,,497,-31,,498,-35,,477,-37,,500,-36
489,-34,,514,-40,,489,-35,,502,-34,,509,-34,,493,-38,,500,-38,,489,-36,,490,-34,,491,-38,,491,-34,,497,-36,,507,-33,,500,-32,,510,-36,,498,-31,,499,-35,,478,-37,,501,-36
490,-34,,515,-40,,490,-35,,503,-34,,510,-34,,494,-38,,501,-38,,490,-36,,491,-34,,492,-38,,492,-34,,498,-36,,508,-33,,501,-32,,511,-36,,499,-31,,500,-35,,479,-37,,502,-36
491,-34,,516,-40,,491,-35,,504,-34,,511,-34,,495,-38,,502,-38,,491,-36,,492,-35,,493,-38,,493,-34,,499,-37,,509,-33,,502,-32,,512,-36,,500,-31,,501,-35,,480,-37,,503,-36
492,-34,,517,-40,,492,-35,,505,-34,,512,-34,,496,-38,,503,-38,,492,-36,,493,-35,,494,-38,,494,-34,,500,-37,,510,-33,,503,-32,,513,-37,,501,-31,,502,-35,,481,-37,,504,-36
493,-34,,518,-40,,493,-35,,506,-34,,513,-34,,497,-38,,504,-39,,493,-36,,494,-35,,495,-38,,495,-34,,501,-37,,511,-33,,504,-33,,514,-37,,502,-31,,503,-35,,482,-37,,505,-36
494,-34,,519,-40,,494,-35,,507,-34,,514,-34,,498,-38,,505,-39,,494,-36,,495,-35,,496,-38,,496,-34,,502,-37,,512,-33,,505,-33,,515,-37,,503,-31,,504,-35,,483,-37,,506,-36
495,-34,,520,-40,,495,-35,,508,-34,,515,-34,,499,-38,,506,-39,,495,-36,,496,-35,,497,-38,,497,-34,,503,-37,,513,-33,,506,-33,,516,-37,,504,-31,,505,-35,,484,-37,,507,-36
496,-34,,521,-40,,496,-35,,509,-34,,516,-34,,500,-38,,507,-38,,496,-36,,497,-35,,498,-38,,498,-34,,504,-37,,514,-33,,507,-33,,517,-37,,505,-31,,506,-35,,485,-37,,508,-36
497,-34,,522,-40,,497,-35,,510,-34,,517,-34,,501,-38,,508,-38,,497,-36,,498,-35,,499,-38,,499,-34,,505,-37,,515,-33,,508,-33,,518,-37,,506,-31,,507,-35,,486,-37,,509,-36
498,-34,,523,-40,,498,-35,,511,-34,,518,-34,,502,-38,,509,-38,,498,-36,,499,-35,,500,-38,,500,-34,,506,-37,,516,-33,,509,-33,,519,-37,,507,-31,,508,-35,,487,-37,,510,-36
499,-34,,524,-40,,499,-35,,512,-34,,519,-34,,503,-38,,510,-38,,499,-36,,500,-35,,501,-38,,501,-33,,507,-36,,517,-33,,510,-33,,520,-37,,508,-31,,509,-35,,488,-37,,511,-36
500,-34,,525,-40,,500,-35,,513,-34,,520,-34,,504,-38,,511,-38,,500,-36,,501,-35,,502,-38,,502,-33,,508,-36,,518,-33,,511,-33,,521,-37,,509,-31,,510,-35,,489,-37,,512,-36
501,-34,,526,-40,,501,-35,,514,-34,,521,-34,,505,-38,,512,-38,,501,-36,,502,-35,,503,-38,,503,-33,,509,-36,,519,-33,,512,-33,,522,-37,,510,-31,,511,-35,,490,-37,,513,-36
502,-34,,527,-40,,502,-35,,515,-34,,522,-33,,506,-38,,513,-38,,502,-36,,503,-35,,504,-38,,504,-34,,510,-36,,520,-33,,513,-33,,523,-37,,511,-31,,512,-35,,491,-37,,514,-36
503,-34,,528,-39,,503,-35,,516,-34,,523,-34,,507,-38,,514,-38,,503,-36,,504,-35,,505,-38,,505,-34,,511,-36,,521,-33,,514,-33,,524,-37,,512,-30,,513,-35,,492,-36,,515,-36
504,-34,,529,-39,,504,-35,,517,-34,,524,-34,,508,-38,,515,-38,,504,-36,,505,-35,,506,-38,,506,-34,,512,-36,,522,-33,,515,-32,,525,-37,,513,-30,,514,-35,,493,-36,,516,-36
505,-34,,530,-39,,505,-35,,518,-34,,525,-34,,509,-38,,516,-38,,505,-36,,506,-35,,507,-37,,507,-34,,513,-36,,523,-33,,516,-32,,526,-37,,514,-30,,515,-35,,494,-36,,517,-37
506,-34,,531,-39,,506,-35,,519,-34,,526,-33,,510,-38,,517,-38,,506,-36,,507,-35,,508,-37,,508,-34,,514,-36,,524,-33,,517,-32,,527,-37,,515,-30,,516,-35,,495,-36,,518,-40
507,-34,,532,-39,,507,-36,,520,-34,,527,-35,,511,-38,,518,-39,,507,-39,,508,-38,,509,-38,,509,-38,,515,-38,,525,-34,,518,-34,,528,-38,,516,-30,,517,-37,,496,-39,,519,-44
508,-37,,533,-42,,508,-40,,521,-36,,528,-38,,512,-41,,519,-43,,508,-43,,509,-41,,510,-41,,510,-42,,516,-41,,526,-37,,519,-38,,529,-42,,517,-33,,518,-41,,497,-42,,520,-47
509,-41,,534,-46,,509,-43,,522,-39,,529,-42,,513,-45,,520,-47,,509,-47,,510,-44,,511,-44,,511,-46,,517,-44,,527,-41,,520,-41,,530,-45,,518,-36,,519,-45,,498,-46,,521,-50
510,-44,,535,-50,,510,-47,,523,-43,,530,-45,,514,-48,,521,-50,,510,-50,,511,-47,,512,-47,,512,-49,,518,-47,,528,-44,,521,-45,,531,-49,,519,-40,,520,-48,,499,-49,,522,-53
511,-47,,536,-53,,511,-49,,524,-46,,531,-48,,515,-51,,522,-52,,511,-52,,512,-49,,513,-50,,513,-50,,519,-51,,529,-46,,522,-48,,532,-52,,520,-43,,521,-51,,500,-52,,523,-55
512,-51,,537,-55,,512,-52,,525,-49,,532,-51,,516,-55,,523,-55,,512,-53,,513,-51,,514,-54,,514,-50,,520,-54,,530,-50,,523,-51,,533,-55,,521,-46,,522,-53,,501,-54,,524,-56
513,-53,,538,-57,,513,-55,,526,-52,,533,-53,,517,-57,,524,-57,,513,-55,,514,-53,,515,-57,,515,-51,,521,-57,,531,-52,,524,-52,,534,-56,,522,-49,,523,-55,,502,-56,,525,-56
514,-55,,539,-58,,514,-56,,527,-53,,534,-54,,518,-58,,525,-57,,514,-56,,515,-54,,516,-59,,516,-52,,522,-58,,532,-53,,525,-52,,535,-57,,523,-51,,524,-57,,503,-56,,526,-55
515,-57,,540,-59,,515,-56,,528,-52,,535,-53,,519,-59,,526,-57,,515,-55,,516,-54,,517,-60,,517,-51,,523,-57,,533,-53,,526,-52,,536,-57,,524,-52,,525,-57,,504,-56,,527,-54
516,-57,,541,-58,,516,-55,,529,-52,,536,-52,,520,-58,,527,-56,,516,-55,,517,-53,,518,-59,,518,-50,,524,-56,,534,-53,,527,-51,,537,-57,,525,-51,,526,-55,,505,-55,,528,-52
517,-56,,542,-57,,517,-53,,530,-51,,537,-51,,521,-56,,528,-56,,517,-54,,518,-52,,519,-58,,519,-49,,525,-54,,535,-52,,528,-50,,538,-55,,526,-50,,527,-54,,506,-54,,529,-51
518,-54,,543,-55,,518,-52,,531,-50,,538,-49,,522,-55,,529,-54,,518,-52,,519,-51,,520,-57,,520,-48,,526,-53,,536,-51,,529,-49,,539,-54,,527,-49,,528,-53,,507,-53,,530,-50
519,-53,,544,-54,,519,-51,,532,-49,,539,-48,,523,-54,,530,-53,,519,-51,,520,-50,,521,-55,,521,-47,,527,-51,,537,-50,,530,-48,,540,-53,,528,-47,,529,-52,,508,-51,,531,-49
520,-51,,545,-52,,520,-50,,533,-48,,540,-47,,524,-52,,531,-51,,520,-50,,521,-49,,522,-53,,522,-46,,528,-50,,538,-49,,531,-46,,541,-51,,529,-46,,530,-51,,509,-50,,532,-48
521,-50,,546,-51,,521,-48,,534,-46,,541,-45,,525,-51,,532,-50,,521,-48,,522,-47,,523,-52,,523,-44,,529,-48,,539,-47,,532,-45,,542,-50,,530,-44,,531,-49,,510,-49,,533,-47
522,-48,,547,-50,,522,-47,,535,-45,,542,-44,,526,-50,,533,-49,,522,-48,,523,-46,,524,-50,,524,-43,,530,-47,,540,-46,,533,-44,,543,-49,,531,-43,,532,-48,,511,-48,,534,-46
523,-46,,548,-49,,523,-46,,536,-44,,543,-43,,527,-49,,534,-48,,523,-47,,524,-45,,525,-49,,525,-43,,531,-45,,541,-45,,534,-43,,544,-48,,532,-42,,533,-47,,512,-47,,535,-45
524,-45,,549,-47,,524,-45,,537,-43,,544,-42,,528,-48,,535,-47,,524,-46,,525,-44,,526,-48,,526,-42,,532,-45,,542,-44,,535,-42,,545,-46,,533,-41,,534,-46,,513,-46,,536,-44
525,-44,,550,-46,,525,-44,,538,-42,,545,-41,,529,-47,,536,-46,,525,-46,,526,-43,,527,-46,,527,-41,,533,-44,,543,-43,,536,-41,,546,-45,,534,-40,,535,-45,,514,-46,,537,-44
526,-43,,551,-45,,526,-43,,539,-41,,546,-41,,530,-46,,537,-45,,526,-45,,527,-42,,528,-45,,528,-41,,534,-43,,544,-42,,537,-40,,547,-45,,535,-39,,536,-44,,515,-45,,538,-43
527,-42,,552,-45,,527,-42,,540,-41,,547,-40,,531,-45,,538,-44,,527,-44,,528,-41,,529,-44,,529,-40,,535,-42,,545,-41,,538,-39,,548,-44,,536,-38,,537,-43,,516,-44,,539,-43
528,-41,,553,-44,,528,-41,,541,-40,,548,-39,,532,-45,,539,-44,,528,-44,,529,-40,,530,-43,,530,-40,,536,-42,,546,-41,,539,-38,,549,-43,,537,-38,,538,-43,,517,-44,,540,-42
529,-40,,554,-43,,529,-41,,542,-39,,549,-39,,533,-44,,540,-43,,529,-43,,530,-39,,531,-42,,531,-39,,537,-41,,547,-40,,540,-37,,550,-42,,538,-37,,539,-42,,518,-43,,541,-42
530,-39,,555,-42,,530,-40,,543,-39,,550,-38,,534,-44,,541,-43,,530,-43,,531,-38,,532,-42,,532,-39,,538,-41,,548,-40,,541,-37,,551,-41,,539,-37,,540,-42,,519,-43,,542,-41
531,-39,,556,-42,,531,-40,,544,-38,,551,-38,,535,-43,,542,-42,,531,-42,,532,-38,,533,-41,,533,-39,,539,-40,,549,-39,,542,-36,,552,-41,,540,-36,,541,-41,,520,-42,,543,-40
532,-38,,557,-41,,532,-39,,545,-38,,552,-37,,536,-42,,543,-41,,532,-42,,533,-37,,534,-40,,534,-38,,540,-40,,550,-39,,543,-35,,553,-40,,541,-36,,542,-40,,521,-42,,544,-40
533,-37,,558,-41,,533,-38,,546,-37,,553,-37,,537,-42,,544,-41,,533,-41,,534,-37,,535,-40,,535,-38,,541,-40,,551,-38,,544,-35,,554,-40,,542,-35,,543,-40,,522,-41,,545,-39
534,-37,,559,-40,,534,-38,,547,-37,,554,-37,,538,-42,,545,-40,,534,-41,,535,-36,,536,-39,,536,-38,,542,-39,,552,-38,,545,-34,,555,-39,,543,-35,,544,-39,,523,-41,,546,-39
535,-37,,560,-40,,535,-37,,548,-37,,555,-36,,539,-41,,546,-40,,535,-41,,536,-36,,537,-39,,537,-37,,543,-39,,553,-37,,546,-33,,556,-38,,544,-35,,545,-39,,524,-40,,547,-39
536,-36,,561,-39,,536,-37,,549,-36,,556,-36,,540,-41,,547,-39,,536,-40,,537,-35,,538,-38,,538,-37,,544,-39,,554,-37,,547,-33,,557,-38,,545,-34,,546,-38,,525,-40,,548,-38
537,-36,,562,-39,,537,-37,,550,-36,,557,-35,,541,-40,,548,-39,,537,-40,,538,-35,,539,-38,,539,-37,,545,-38,,555,-37,,548,-32,,558,-37,,546,-34,,547,-38,,526,-40,,549,-38
538,-36,,563,-39,,538,-36,,551,-36,,558,-35,,542,-40,,549,-39,,538,-39,,539,-34,,540,-38,,540,-37,,546,-38,,556,-36,,549,-32,,559,-37,,547,-34,,548,-37,,527,-39,,550,-37
539,-36,,564,-38,,539,-36,,552,-35,,559,-35,,543,-39,,550,-38,,539,-39,,540,-34,,541,-38,,541,-36,,547,-38,,557,-36,,550,-32,,560,-36,,548,-33,,549,-37,,528,-39,,551,-37
540,-35,,565,-38,,540,-35,,553,-35,,560,-34,,544,-39,,551,-38,,540,-39,,541,-34,,542,-38,,542,-36,,548,-38,,558,-36,,551,-31,,561,-36,,549,-33,,550,-36,,529,-39,,552,-37
541,-35,,566,-38,,541,-35,,554,-35,,561,-34,,545,-39,,552,-38,,541,-39,,542,-34,,543,-38,,543,-36,,549,-37,,559,-36,,552,-31,,562,-36,,550,-33,,551,-36,,530,-38,,553,-37
542,-35,,567,-38,,542,-35,,555,-35,,562,-34,,546,-39,,553,-38,,542,-39,,543,-34,,544,-38,,544,-36,,550,-37,,560,-36,,553,-30,,563,-36,,551,-33,,552,-36,,531,-38,,554,-37
543,-35,,568,-38,,543,-35,,556,-35,,563,-34,,547,-39,,554,-38,,543,-39,,544,-34,,545,-38,,545,-36,,551,-37,,561,-36,,554,-30,,564,-36,,552,-33,,553,-36,,532,-38,,555,-37
544,-36,,569,-39,,544,-35,,557,-35,,564,-34,,548,-39,,555,-38,,544,-38,,545,-34,,546,-38,,546,-36,,552,-38,,562,-36,,555,-30,,565,-36,,553,-34,,554,-36,,533,-39,,556,-37
545,-36,,570,-39,,545,-35,,558,-36,,565,-34,,549,-39,,556,-38,,545,-39,,546,-35,,547,-38,,547,-36,,553,-38,,563,-36,,556,-30,,566,-36,,554,-34,,555,-36,,534,-39,,557,-37
546,-36,,571,-39,,546,-36,,559,-36,,566,-35,,550,-39,,557,-39,,546,-39,,547,-35,,548,-39,,548,-37,,554,-38,,564,-36,,557,-31,,567,-36,,555,-34,,556,-36,,535,-39,,558,-37
547,-37,,572,-40,,547,-36,,560,-36,,567,-35,,551,-40,,558,-39,,547,-40,,548,-36,,549,-40,,549,-37,,555,-39,,565,-37,,558,-31,,568,-37,,556,-34,,557,-37,,536,-39,,559,-38
548,-37,,573,-41,,548,-37,,561,-37,,568,-36,,552,-40,,559,-40,,548,-40,,549,-36,,550,-40,,550,-38,,556,-39,,566,-37,,559,-32,,569,-37,,557,-35,,558,-37,,537,-40,,560,-39
549,-38,,574,-42,,549,-38,,562,-38,,569,-36,,553,-41,,560,-41,,549,-41,,550,-37,,551,-41,,551,-38,,557,-40,,567,-38,,560,-33,,570,-38,,558,-35,,559,-38,,538,-41,,561,-40
550,-39,,575,-43,,550,-39,,563,-38,,570,-37,,554,-42,,561,-42,,550,-42,,551,-38,,552,-42,,552,-39,,558,-41,,568,-39,,561,-34,,571,-39,,559,-36,,560,-39,,539,-42,,562,-41
551,-40,,576,-44,,551,-40,,564,-39,,571,-38,,555,-43,,562,-43,,551,-43,,552,-40,,553,-43,,553,-40,,559,-42,,569,-40,,562,-35,,572,-40,,560,-37,,561,-40,,540,-43,,563,-42
552,-41,,577,-45,,552,-41,,565,-40,,572,-39,,556,-44,,563,-44,,552,-44,,553,-41,,554,-44,,554,-41,,560,-43,,570,-41,,563,-36,,573,-41,,561,-38,,562,-41,,541,-44,,564,-43
553,-43,,578,-47,,553,-42,,566,-42,,573,-41,,557,-45,,564,-45,,553,-45,,554,-42,,555,-46,,555,-43,,561,-44,,571,-42,,564,-38,,574,-43,,562,-39,,563,-43,,542,-45,,565,-45
554,-44,,579,-48,,554,-44,,567,-43,,574,-42,,558,-47,,565,-47,,554,-47,,555,-44,,556,-47,,556,-44,,562,-46,,572,-43,,565,-39,,575,-44,,563,-40,,564,-44,,543,-46,,566,-46
555,-46,,580,-50,,555,-45,,568,-44,,575,-44,,559,-48,,566,-48,,555,-48,,556,-46,,557,-49,,557,-46,,563,-47,,573,-45,,566,-41,,576,-46,,564,-42,,565,-46,,544,-48,,567,-48
556,-48,,581,-51,,556,-47,,569,-46,,576,-45,,560,-50,,567,-50,,556,-50,,557,-48,,558,-51,,558,-47,,564,-49,,574,-46,,567,-43,,577,-48,,565,-43,,566,-48,,545,-50,,568,-50
557,-50,,582,-53,,557,-49,,570,-47,,577,-47,,561,-52,,568,-52,,557,-52,,558,-49,,559,-52,,559,-49,,565,-51,,575,-48,,568,-46,,578,-50,,566,-45,,567,-50,,546,-51,,569,-52
558,-52,,583,-55,,558,-51,,571,-49,,578,-49,,562,-54,,569,-54,,558,-53,,559,-51,,560,-54,,560,-50,,566,-53,,576,-49,,569,-48,,579,-52,,567,-46,,568,-52,,547,-53,,570,-53
559,-53,,584,-56,,559,-53,,572,-50,,579,-51,,563,-55,,570,-56,,559,-55,,560,-52,,561,-56,,561,-51,,567,-54,,577,-51,,570,-50,,580,-54,,568,-48,,569,-54,,548,-54,,571,-54
560,-55,,585,-56,,560,-55,,573,-51,,580,-52,,564,-57,,571,-57,,560,-56,,561,-53,,562,-57,,562,-51,,568,-56,,578,-52,,571,-52,,581,-56,,569,-49,,570,-55,,549,-55,,572,-54
561,-56,,586,-56,,561,-56,,574,-52,,581,-53,,565,-58,,572,-58,,561,-57,,562,-53,,563,-57,,563,-51,,569,-56,,579,-52,,572,-53,,582,-57,,570,-49,,571,-56,,550,-56,,573,-53
562,-56,,587,-55,,562,-56,,575,-52,,582,-54,,566,-58,,573,-57,,562,-56,,563,-52,,564,-57,,564,-50,,570,-56,,580,-52,,573,-53,,583,-58,,571,-49,,572,-57,,551,-55,,574,-52
563,-55,,588,-54,,563,-55,,576,-51,,583,-53,,567,-58,,574,-57,,563,-55,,564,-51,,565,-56,,565,-49,,571,-55,,581,-51,,574,-52,,584,-57,,572,-49,,573,-56,,552,-54,,575,-51
564,-54,,589,-53,,564,-54,,577,-50,,584,-52,,568,-56,,575,-55,,564,-54,,565,-50,,566,-55,,566,-48,,572,-53,,582,-50,,575,-50,,585,-56,,573,-48,,574,-55,,553,-53,,576,-49
565,-52,,590,-52,,565,-52,,578,-49,,585,-51,,569,-55,,576,-54,,565,-53,,566,-48,,567,-53,,567,-46,,573,-51,,583,-49,,576,-49,,586,-54,,574,-47,,575,-53,,554,-52,,577,-47
566,-51,,591,-50,,566,-50,,579,-47,,586,-49,,570,-53,,577,-52,,566,-51,,567,-47,,568,-52,,568,-45,,574,-50,,584,-47,,577,-47,,587,-52,,575,-45,,576,-51,,555,-50,,578,-46
567,-49,,592,-49,,567,-49,,580,-46,,587,-47,,571,-51,,578,-51,,567,-49,,568,-45,,569,-50,,569,-43,,575,-48,,585,-46,,578,-45,,588,-50,,576,-44,,577,-49,,556,-49,,579,-44
568,-47,,593,-47,,568,-47,,581,-45,,588,-45,,572,-50,,579,-49,,568,-48,,569,-44,,570,-48,,570,-42,,576,-46,,586,-44,,579,-43,,589,-48,,577,-42,,578,-47,,557,-47,,580,-43
569,-45,,594,-46,,569,-45,,582,-43,,589,-44,,573,-48,,580,-47,,569,-46,,570,-42,,571,-47,,571,-41,,577,-44,,587,-43,,580,-41,,590,-46,,578,-41,,579,-46,,558,-46,,581,-42
570,-44,,595,-45,,570,-44,,583,-42,,590,-42,,574,-47,,581,-46,,570,-45,,571,-41,,572,-45,,572,-39,,578,-43,,588,-41,,581,-39,,591,-45,,579,-39,,580,-44,,559,-45,,582,-41
571,-42,,596,-44,,571,-42,,584,-41,,591,-41,,575,-45,,582,-45,,571,-43,,572,-40,,573,-44,,573,-39,,579,-42,,589,-40,,582,-38,,592,-44,,580,-38,,581,-43,,560,-44,,583,-40
572,-41,,597,-43,,572,-41,,585,-40,,592,-40,,576,-44,,583,-44,,572,-42,,573,-39,,574,-43,,574,-38,,580,-41,,590,-39,,583,-37,,593,-42,,581,-37,,582,-42,,561,-43,,584,-39
573,-40,,598,-43,,573,-40,,586,-39,,593,-39,,577,-43,,584,-43,,573,-42,,574,-39,,575,-43,,575,-37,,581,-40,,591,-38,,584,-36,,594,-41,,582,-36,,583,-41,,562,-42,,585,-39
574,-39,,599,-42,,574,-40,,587,-38,,594,-38,,578,-43,,585,-42,,574,-41,,575,-38,,576,-42,,576,-37,,582,-39,,592,-38,,585,-35,,595,-41,,583,-36,,584,-40,,563,-42,,586,-39
575,-39,,600,-42,,575,-39,,588,-38,,595,-38,,579,-42,,586,-42,,575,-41,,576,-38,,577,-41,,577,-37,,583,-39,,593,-37,,586,-35,,596,-40,,584,-35,,585,-40,,564,-41,,587,-39
576,-38,,601,-42,,576,-39,,589,-38,,596,-37,,580,-42,,587,-41,,576,-40,,577,-38,,578,-41,,578,-37,,584,-39,,594,-37,,587,-34,,597,-40,,585,-35,,586,-39,,565,-41,,588,-39
577,-38,,602,-42,,577,-39,,590,-38,,597,-37,,581,-42,,588,-41,,577,-40,,578,-38,,579,-41,,579,-37,,585,-39,,595,-37,,588,-35,,598,-40,,586,-35,,587,-39,,566,-41,,589,-39
578,-38,,603,-42,,578,-39,,591,-38,,598,-37,,582,-42,,589,-41,,578,-40,,579,-38,,580,-41,,580,-37,,586,-39,,596,-37,,589,-35,,599,-40,,587,-35,,588,-39,,567,-41,,590,-40
579,-38,,604,-43,,579,-39,,592,-38,,599,-37,,583,-42,,590,-42,,579,-41,,580,-39,,581,-41,,581,-37,,587,-39,,597,-37,,590,-35,,600,-40,,588,-35,,589,-39,,568,-41,,591,-40
580,-39,,605,-43,,580,-40,,593,-38,,600,-37,,584,-42,,591,-42,,580,-41,,581,-39,,582,-42,,582,-38,,588,-39,,598,-38,,591,-35,,601,-40,,589,-35,,590,-40,,569,-42,,592,-41
581,-39,,606,-43,,581,-40,,594,-38,,601,-38,,585,-43,,592,-42,,581,-41,,582,-40,,583,-42,,583,-38,,589,-40,,599,-38,,592,-36,,602,-41,,590,-36,,591,-40,,570,-42,,593,-41
582,-40,,607,-44,,582,-41,,595,-39,,602,-38,,586,-43,,593,-43,,582,-42,,583,-40,,584,-43,,584,-39,,590,-41,,600,-38,,593,-36,,603,-41,,591,-36,,592,-41,,571,-43,,594,-42
583,-40,,608,-44,,583,-41,,596,-39,,603,-39,,587,-44,,594,-43,,583,-43,,584,-41,,585,-43,,585,-39,,591,-41,,601,-39,,594,-37,,604,-42,,592,-37,,593,-42,,572,-43,,595,-42
584,-41,,609,-45,,584,-42,,597,-40,,604,-39,,588,-44,,595,-44,,584,-43,,585,-41,,586,-44,,586,-40,,592,-42,,602,-40,,595,-38,,605,-43,,593,-37,,594,-42,,573,-44,,596,-43
585,-42,,610,-45,,585,-43,,598,-40,,605,-40,,589,-45,,596,-45,,585,-44,,586,-42,,587,-45,,587,-40,,593,-43,,603,-40,,596,-39,,606,-44,,594,-38,,595,-43,,574,-44,,597,-44
586,-42,,611,-46,,586,-43,,599,-40,,606,-41,,590,-46,,597,-45,,586,-45,,587,-42,,588,-45,,588,-41,,594,-44,,604,-41,,597,-40,,607,-44,,595,-38,,596,-44,,575,-45,,598,-44
587,-43,,612,-46,,587,-44,,600,-41,,607,-41,,591,-46,,598,-46,,587,-45,,588,-43,,589,-46,,589,-41,,595,-44,,605,-41,,598,-41,,608,-45,,596,-39,,597,-45,,576,-45,,599,-44
588,-44,,613,-46,,588,-45,,601,-41,,608,-42,,592,-47,,599,-46,,588,-46,,589,-43,,590,-46,,590,-41,,596,-45,,606,-41,,599,-41,,609,-46,,597,-39,,598,-45,,577,-45,,600,-45
589,-44,,614,-47,,589,-45,,602,-41,,609,-42,,593,-47,,600,-47,,589,-46,,590,-44,,591,-47,,591,-42,,597,-45,,607,-42,,600,-42,,610,-46,,598,-39,,599,-46,,578,-46,,601,-45
590,-45,,615,-47,,590,-45,,603,-41,,610,-43,,594,-47,,601,-47,,590,-47,,591,-44,,592,-47,,592,-42,,598,-46,,608,-42,,601,-42,,611,-47,,599,-39,,600,-46,,579,-46,,602,-45
591,-45,,616,-47,,591,-46,,604,-41,,611,-43,,595,-47,,602,-47,,591,-47,,592,-44,,593,-47,,593,-42,,599,-46,,609,-42,,602,-43,,612,-47,,600,-39,,601,-47,,580,-46,,603,-45
592,-45,,617,-47,,592,-46,,605,-41,,612,-43,,596,-48,,603,-47,,592,-47,,593,-44,,594,-47,,594,-42,,600,-46,,610,-42,,603,-43,,613,-47,,601,-39,,602,-47,,581,-46,,604,-45
593,-45,,618,-47,,593,-46,,606,-41,,613,-43,,597,-48,,604,-47,,593,-47,,594,-44,,595,-47,,595,-42,,601,-46,,611,-42,,604,-43,,614,-47,,602,-39,,603,-47,,582,-46,,605,-45
594,-45,,619,-47,,594,-46,,607,-41,,614,-43,,598,-48,,605,-47,,594,-47,,595,-44,,596,-47,,596,-42,,602,-46,,612,-42,,605,-43,,615,-47,,603,-39,,604,-47,,583,-46,,606,-45
595,-45,,620,-47,,595,-46,,608,-41,,615,-43,,599,-47,,606,-47,,595,-47,,596,-44,,597,-47,,597,-42,,603,-45,,613,-42,,606,-43,,616,-47,,604,-39,,605,-47,,584,-46,,607,-45
596,-45,,621,-47,,596,-46,,609,-41,,616,-43,,600,-47,,607,-47,,596,-47,,597,-44,,598,-47,,598,-42,,604,-45,,614,-42,,607,-43,,617,-47,,605,-39,,606,-47,,585,-46,,608,-45
597,-45,,622,-47,,597,-46,,610,-41,,617,-43,,601,-47,,608,-47,,597,-47,,598,-44,,599,-47,,599,-42,,605,-46,,615,-42,,608,-43,,618,-47,,606,-39,,607,-47,,586,-46,,609,-45
598,-45,,623,-47,,598,-46,,611,-41,,618,-43,,602,-47,,609,-47,,598,-47,,599,-44,,600,-47,,600,-42,,606,-45,,616,-42,,609,-43,,619,-47,,607,-39,,608,-47,,587,-46,,610,-45
599,-45,,624,-47,,599,-46,,612,-41,,619,-43,,603,-47,,610,-47,,599,-47,,600,-44,,601,-47,,601,-42,,607,-46,,617,-42,,610,-43,,620,-47,,608,-39,,609,-47,,588,-46,,611,-45
600,-45,,625,-47,,600,-46,,613,-41,,620,-43,,604,-47,,611,-48,,600,-47,,601,-44,,602,-47,,602,-42,,608,-46,,618,-42,,611,-43,,621,-47,,609,-39,,610,-46,,589,-46,,612,-45
601,-45,,626,-47,,601,-46,,614,-42,,621,-43,,605,-47,,612,-48,,601,-47,,602,-44,,603,-47,,603,-42,,609,-46,,619,-42,,612,-43,,622,-47,,610,-39,,611,-46,,590,-46,,613,-45
602,-45,,627,-47,,602,-46,,615,-42,,622,-43,,606,-47,,613,-48,,602,-47,,603,-44,,604,-47,,604,-42,,610,-46,,620,-42,,613,-43,,623,-47,,611,-39,,612,-46,,591,-46,,614,-45
603,-45,,628,-47,,603,-46,,616,-42,,623,-43,,607,-47,,614,-47,,603,-47,,604,-44,,605,-47,,605,-42,,611,-46,,621,-42,,614,-43,,624,-47,,612,-39,,613,-46,,592,-46,,615,-46
604,-45,,629,-47,,604,-46,,617,-42,,624,-43,,608,-47,,615,-48,,604,-47,,605,-44,,606,-47,,606,-43,,612,-46,,622,-43,,615,-43,,625,-47,,613,-39,,614,-46,,593,-46,,616,-45
605,-45,,630,-47,,605,-45,,618,-42,,625,-43,,609,-48,,616,-48,,605,-47,,606,-44,,607,-47,,607,-43,,613,-46,,623,-43,,616,-43,,626,-47,,614,-40,,615,-46,,594,-46,,617,-46
606,-45,,631,-47,,606,-45,,619,-42,,626,-43,,610,-48,,617,-48,,606,-47,,607,-44,,608,-47,,608,-43,,614,-46,,624,-43,,617,-43,,627,-47,,615,-40,,616,-46,,595,-46,,618,-46
607,-45,,632,-47,,607,-45,,620,-43,,627,-43,,611,-48,,618,-48,,607,-47,,608,-44,,609,-47,,609,-43,,615,-46,,625,-43,,618,-43,,628,-47,,616,-40,,617,-46,,596,-46,,619,-46
608,-45,,633,-48,,608,-46,,621,-43,,628,-44,,612,-48,,619,-48,,608,-47,,609,-44,,610,-47,,610,-43,,616,-46,,626,-43,,619,-43,,629,-48,,617,-40,,618,-46,,597,-46,,620,-46
609,-45,,634,-48,,609,-46,,622,-43,,629,-44,,613,-48,,620,-48,,609,-48,,610,-44,,611,-47,,611,-44,,617,-46,,627,-43,,620,-43,,630,-48,,618,-41,,619,-46,,598,-47,,621,-46
610,-45,,635,-48,,610,-46,,623,-43,,630,-44,,614,-48,,621,-48,,610,-48,,611,-44,,612,-47,,612,-44,,618,-46,,628,-44,,621,-43,,631,-48,,619,-41,,620,-46,,599,-47,,622,-46
611,-45,,636,-48,,611,-46,,624,-44,,631,-44,,615,-48,,622,-48,,611,-48,,612,-44,,613,-47,,613,-44,,619,-47,,629,-44,,622,-43,,632,-48,,620,-41,,621,-47,,600,-47,,623,-46
612,-46,,637,-48,,612,-46,,625,-44,,632,-44,,616,-48,,623,-48,,612,-48,,613,-44,,614,-48,,614,-44,,620,-47,,630,-44,,623,-43,,633,-48,,621,-41,,622,-47,,601,-47,,624,-46
613,-46,,638,-48,,613,-46,,626,-44,,633,-44,,617,-49,,624,-48,,613,-48,,614,-45,,615,-48,,615,-45,,621,-47,,631,-44,,624,-43,,634,-48,,622,-42,,623,-47,,602,-47,,625,-46
614,-46,,639,-48,,614,-46,,627,-44,,634,-44,,618,-49,,625,-48,,614,-48,,615,-45,,616,-48,,616,-45,,622,-47,,632,-45,,625,-43,,635,-48,,623,-42,,624,-47,,603,-48,,626,-46
615,-46,,640,-49,,615,-46,,628,-44,,635,-45,,619,-49,,626,-49,,615,-48,,616,-45,,617,-48,,617,-45,,623,-47,,633,-45,,626,-43,,636,-48,,624,-42,,625,-47,,604,-48,,627,-47
616,-46,,641,-49,,616,-46,,629,-45,,636,-45,,620,-49,,627,-49,,616,-48,,617,-45,,618,-48,,618,-45,,624,-47,,634,-45,,627,-43,,637,-48,,625,-42,,626,-47,,605,-48,,628,-47
617,-46,,642,-49,,617,-46,,630,-45,,637,-45,,621,-49,,628,-49,,617,-48,,618,-45,,619,-48,,619,-45,,625,-48,,635,-45,,628,-43,,638,-48,,626,-42,,627,-47,,606,-48,,629,-47
618,-46,,643,-49,,618,-47,,631,-45,,638,-45,,622,-49,,629,-49,,618,-49,,619,-45,,620,-49,,620,-45,,626,-48,,636,-45,,629,-43,,639,-48,,627,-42,,628,-47,,607,-48,,630,-47
619,-46,,644,-49,,619,-47,,632,-45,,639,-45,,623,-50,,630,-49,,619,-49,,620,-45,,621,-49,,621,-45,,627,-48,,637,-46,,630,-43,,640,-48,,628,-43,,629,-47,,608,-48,,631,-47
620,-47,,645,-49,,620,-47,,633,-45,,640,-45,,624,-50,,631,-49,,620,-49,,621,-45,,622,-49,,622,-45,,628,-48,,638,-46,,631,-43,,641,-48,,629,-43,,630,-47,,609,-48,,632,-47
621,-47,,646,-49,,621,-47,,634,-45,,641,-45,,625,-50,,632,-49,,621,-49,,622,-45,,623,-49,,623,-45,,629,-48,,639,-46,,632,-43,,642,-48,,630,-43,,631,-47,,610,-48,,633,-47
622,-47,,647,-49,,622,-47,,635,-45,,642,-45,,626,-50,,633,-49,,622,-49,,623,-45,,624,-49,,624,-45,,630,-48,,640,-46,,633,-43,,643,-48,,631,-43,,632,-47,,611,-48,,634,-47
623,-47,,648,-49,,623,-47,,636,-45,,643,-45,,627,-50,,634,-49,,623,-49,,624,-45,,625,-49,,625,-45,,631,-48,,641,-46,,634,-43,,644,-48,,632,-43,,633,-47,,612,-49,,635,-47
624,-47,,649,-49,,624,-47,,637,-45,,644,-46,,628,-50,,635,-49,,624,-49,,625,-45,,626,-49,,626,-45,,632,-48,,642,-46,,635,-43,,645,-48,,633,-43,,634,-48,,613,-49,,636,-47
625,-47,,650,-49,,625,-47,,638,-45,,645,-46,,629,-50,,636,-49,,625,-49,,626,-45,,627,-49,,627,-45,,633,-48,,643,-46,,636,-43,,646,-48,,634,-43,,635,-48,,614,-49,,637,-47
626,-47,,651,-49,,626,-47,,639,-45,,646,-46,,630,-50,,637,-49,,626,-49,,627,-45,,628,-49,,628,-45,,634,-48,,644,-46,,637,-43,,647,-48,,635,-43,,636,-48,,615,-49,,638,-47
627,-47,,652,-49,,627,-47,,640,-45,,647,-46,,631,-50,,638,-49,,627,-49,,628,-45,,629,-49,,629,-45,,635,-48,,645,-46,,638,-43,,648,-48,,636,-43,,637,-48,,616,-49,,639,-47
628,-47,,653,-49,,628,-47,,641,-45,,648,-46,,632,-50,,639,-49,,628,-49,,629,-45,,630,-49,,630,-45,,636,-48,,646,-46,,639,-43,,649,-48,,637,-43,,638,-48,,617,-49,,640,-47
629,-47,,654,-49,,629,-47,,642,-45,,649,-46,,633,-50,,640,-50,,629,-49,,630,-45,,631,-49,,631,-45,,637,-48,,647,-46,,640,-43,,650,-48,,638,-43,,639,-48,,618,-49,,641,-47
630,-47,,655,-49,,630,-47,,643,-45,,650,-46,,634,-50,,641,-50,,630,-49,,631,-45,,632,-49,,632,-45,,638,-48,,648,-46,,641,-43,,651,-48,,639,-43,,640,-48,,619,-49,,642,-47
631,-47,,656,-49,,631,-47,,644,-45,,651,-46,,635,-50,,642,-50,,631,-49,,632,-45,,633,-49,,633,-45,,639,-48,,649,-46,,642,-43,,652,-48,,640,-43,,641,-48,,620,-49,,643,-47
632,-47,,657,-49,,632,-47,,645,-45,,652,-46,,636,-50,,643,-50,,632,-49,,633,-45,,634,-49,,634,-45,,640,-48,,650,-46,,643,-43,,653,-48,,641,-43,,642,-48,,621,-49,,644,-47
633,-47,,658,-49,,633,-47,,646,-45,,653,-46,,637,-50,,644,-50,,633,-49,,634,-45,,635,-49,,635,-45,,641,-48,,651,-46,,644,-43,,654,-48,,642,-43,,643,-48,,622,-49,,645,-47
634,-47,,659,-49,,634,-47,,647,-45,,654,-46,,638,-50,,645,-50,,634,-49,,635,-45,,636,-49,,636,-45,,642,-48,,652,-46,,645,-43,,655,-48,,643,-43,,644,-48,,623,-49,,646,-47
635,-47,,660,-49,,635,-47,,648,-45,,655,-46,,639,-50,,646,-50,,635,-49,,636,-45,,637,-49,,637,-45,,643,-48,,653,-46,,646,-43,,656,-48,,644,-43,,645,-48,,624,-49,,647,-47
636,-47,,661,-49,,636,-47,,649,-45,,656,-46,,640,-50,,647,-50,,636,-49,,637,-45,,638,-49,,638,-45,,644,-48,,654,-46,,647,-43,,657,-48,,645,-43,,646,-48,,625,-49,,648,-47
637,-47,,662,-49,,637,-47,,650,-45,,657,-46,,641,-50,,648,-50,,637,-49,,638,-45,,639,-49,,639,-45,,645,-48,,655,-46,,648,-43,,658,-48,,646,-43,,647,-48,,626,-49,,649,-47
638,-47,,663,-49,,638,-47,,651,-45,,658,-46,,642,-50,,649,-50,,638,-49,,639,-45,,640,-49,,640,-45,,646,-48,,656,-46,,649,-43,,659,-48,,647,-43,,648,-48,,627,-49,,650,-47
639,-47,,664,-49,,639,-47,,652,-45,,659,-46,,643,-50,,650,-50,,639,-49,,640,-45,,641,-49,,641,-45,,647,-48,,657,-46,,650,-43,,660,-48,,648,-43,,649,-48,,628,-49,,651,-47
640,-47,,665,-49,,640,-47,,653,-45,,660,-46,,644,-50,,651,-50,,640,-49,,641,-45,,642,-49,,642,-45,,648,-48,,658,-46,,651,-43,,661,-48,,649,-43,,650,-48,,629,-49,,652,-47
641,-47,,666,-49,,641,-47,,654,-45,,661,-46,,645,-50,,652,-50,,641,-49,,642,-45,,643,-49,,643,-45,,649,-48,,659,-46,,652,-43,,662,-48,,650,-43,,651,-48,,630,-49,,653,-47
642,-47,,667,-49,,642,-47,,655,-45,,662,-46,,646,-50,,653,-50,,642,-49,,643,-45,,644,-49,,644,-45,,650,-48,,660,-46,,653,-43,,663,-48,,651,-43,,652,-48,,631,-49,,654,-47
643,-47,,668,-49,,643,-47,,656,-45,,663,-46,,647,-50,,654,-50,,643,-49,,644,-45,,645,-49,,645,-45,,651,-48,,661,-46,,654,-43,,664,-49,,652,-43,,653,-48,,632,-49,,655,-47
644,-47,,669,-49,,644,-47,,657,-45,,664,-46,,648,-50,,655,-50,,644,-49,,645,-45,,646,-49,,646,-45,,652,-48,,662,-46,,655,-43,,665,-49,,653,-43,,654,-48,,633,-49,,656,-47
645,-47,,670,-49,,645,-47,,658,-45,,665,-46,,649,-50,,656,-50,,645,-49,,646,-45,,647,-49,,647,-45,,653,-48,,663,-46,,656,-43,,666,-49,,654,-43,,655,-48,,634,-49,,657,-47
646,-47,,671,-49,,646,-47,,659,-45,,666,-46,,650,-50,,657,-50,,646,-49,,647,-45,,648,-49,,648,-45,,654,-48,,664,-46,,657,-43,,667,-49,,655,-43,,656,-48,,635,-49,,658,-47
647,-47,,672,-49,,647,-47,,660,-45,,667,-46,,651,-50,,658,-50,,647,-49,,648,-45,,649,-49,,649,-45,,655,-48,,665,-46,,658,-43,,668,-49,,656,-43,,657,-48,,636,-49,,659,-47
648,-47,,673,-49,,648,-47,,661,-45,,668,-46,,652,-50,,659,-49,,648,-49,,649,-45,,650,-49,,650,-45,,656,-48,,666,-46,,659,-43,,669,-49,,657,-43,,658,-48,,637,-49,,660,-47
649,-47,,674,-49,,649,-47,,662,-45,,669,-46,,653,-50,,660,-49,,649,-49,,650,-45,,651,-49,,651,-45,,657,-48,,667,-46,,660,-43,,670,-49,,658,-43,,659,-48,,638,-48,,661,-47
650,-47,,675,-49,,650,-47,,663,-45,,670,-45,,654,-50,,661,-49,,650,-49,,651,-45,,652,-49,,652,-45,,658,-48,,668,-46,,661,-43,,671,-49,,659,-43,,660,-48,,639,-48,,662,-47
651,-47,,676,-49,,651,-47,,664,-45,,671,-45,,655,-50,,662,-49,,651,-49,,652,-45,,653,-49,,653,-45,,659,-48,,669,-45,,662,-43,,672,-49,,660,-43,,661,-48,,640,-48,,663,-47
652,-47,,677,-49,,652,-47,,665,-45,,672,-45,,656,-50,,663,-49,,652,-49,,653,-45,,654,-49,,654,-45,,660,-48,,670,-45,,663,-43,,673,-49,,661,-43,,662,-48,,641,-48,,664,-47
653,-47,,678,-49,,653,-47,,666,-45,,673,-45,,657,-50,,664,-49,,653,-49,,654,-45,,655,-49,,655,-44,,661,-48,,671,-45,,664,-43,,674,-49,,662,-43,,663,-48,,642,-48,,665,-46
654,-47,,679,-49,,654,-47,,667,-45,,674,-45,,658,-50,,665,-49,,654,-48,,655,-45,,656,-49,,656,-44,,662,-47,,672,-45,,665,-43,,675,-48,,663,-43,,664,-48,,643,-48,,666,-46
655,-47,,680,-49,,655,-47,,668,-45,,675,-45,,659,-50,,666,-49,,655,-48,,656,-45,,657,-49,,657,-44,,663,-47,,673,-45,,666,-43,,676,-48,,664,-43,,665,-48,,644,-48,,667,-46
656,-47,,681,-49,,656,-47,,669,-44,,676,-45,,660,-50,,667,-49,,656,-48,,657,-45,,658,-49,,658,-44,,664,-47,,674,-45,,667,-43,,677,-48,,665,-42,,666,-48,,645,-48,,668,-46
657,-46,,682,-49,,657,-47,,670,-44,,677,-45,,661,-49,,668,-49,,657,-48,,658,-45,,659,-49,,659,-44,,665,-47,,675,-44,,668,-43,,678,-48,,666,-42,,667,-47,,646,-48,,669,-46
658,-46,,683,-48,,658,-46,,671,-44,,678,-45,,662,-49,,669,-49,,658,-48,,659,-45,,660,-48,,660,-44,,666,-47,,676,-44,,669,-43,,679,-48,,667,-42,,668,-47,,647,-47,,670,-46
659,-46,,684,-48,,659,-46,,672,-44,,679,-44,,663,-49,,670,-48,,659,-48,,660,-45,,661,-48,,661,-43,,667,-46,,677,-44,,670,-43,,680,-48,,668,-41,,669,-47,,648,-47,,671,-46
660,-46,,685,-48,,660,-46,,673,-44,,680,-44,,664,-49,,671,-48,,660,-47,,661,-45,,662,-48,,662,-43,,668,-46,,678,-44,,671,-43,,681,-48,,669,-41,,670,-47,,649,-47,,672,-46
661,-46,,686,-48,,661,-46,,674,-44,,681,-44,,665,-49,,672,-48,,661,-47,,662,-45,,663,-48,,663,-43,,669,-46,,679,-44,,672,-43,,682,-48,,670,-41,,671,-47,,650,-47,,673,-46
662,-46,,687,-48,,662,-46,,675,-44,,682,-44,,666,-49,,673,-48,,662,-47,,663,-45,,664,-48,,664,-43,,670,-46,,680,-43,,673,-43,,683,-48,,671,-41,,672,-47,,651,-47,,674,-46
663,-46,,688,-48,,663,-46,,676,-43,,683,-44,,667,-49,,674,-48,,663,-47,,664,-44,,665,-48,,665,-43,,671,-46,,681,-43,,674,-43,,684,-48,,672,-41,,673,-46,,652,-47,,675,-46
664,-45,,689,-48,,664,-46,,677,-43,,684,-44,,668,-49,,675,-48,,664,-47,,665,-44,,666,-48,,666,-43,,672,-46,,682,-43,,675,-42,,685,-47,,673,-41,,674,-46,,653,-47,,676,-46
665,-45,,690,-48,,665,-46,,678,-43,,685,-44,,669,-48,,676,-48,,665,-47,,666,-44,,667,-48,,667,-43,,673,-46,,683,-43,,676,-42,,686,-48,,674,-40,,675,-46,,654,-47,,677,-46
666,-45,,691,-48,,666,-46,,679,-43,,686,-44,,670,-48,,677,-48,,666,-47,,667,-44,,668,-48,,668,-43,,674,-46,,684,-43,,677,-42,,687,-47,,675,-40,,676,-46,,655,-47,,678,-46
667,-45,,692,-48,,667,-46,,680,-43,,687,-44,,671,-48,,678,-48,,667,-47,,668,-45,,669,-48,,669,-43,,675,-46,,685,-43,,678,-42,,688,-47,,676,-40,,677,-46,,656,-47,,679,-46
668,-45,,693,-48,,668,-46,,681,-43,,688,-44,,672,-48,,679,-48,,668,-47,,669,-44,,670,-48,,670,-43,,676,-46,,686,-43,,679,-42,,689,-48,,677,-40,,678,-46,,657,-47,,680,-46
669,-45,,694,-48,,669,-46,,682,-43,,689,-44,,673,-48,,680,-48,,669,-47,,670,-44,,671,-48,,671,-43,,677,-46,,687,-43,,680,-42,,690,-48,,678,-40,,679,-46,,658,-47,,681,-46
670,-45,,695,-48,,670,-46,,683,-43,,690,-44,,674,-48,,681,-48,,670,-47,,671,-45,,672,-48,,672,-43,,678,-46,,688,-43,,681,-42,,691,-48,,679,-40,,680,-46,,659,-47,,682,-46
671,-45,,696,-48,,671,-46,,684,-43,,691,-44,,675,-48,,682,-48,,671,-47,,672,-45,,673,-48,,673,-43,,679,-46,,689,-43,,682,-42,,692,-48,,680,-40,,681,-46,,660,-47,,683,-46
672,-45,,697,-48,,672,-46,,685,-43,,692,-44,,676,-48,,683,-48,,672,-47,,673,-45,,674,-48,,674,-43,,680,-46,,690,-43,,683,-42,,693,-48,,681,-40,,682,-46,,661,-47,,684,-46
673,-45,,698,-48,,673,-46,,686,-43,,693,-44,,677,-48,,684,-48,,673,-47,,674,-45,,675,-48,,675,-43,,681,-46,,691,-43,,684,-42,,694,-48,,682,-40,,683,-46,,662,-47,,685,-46
674,-45,,699,-48,,674,-46,,687,-43,,694,-44,,678,-48,,685,-48,,674,-47,,675,-45,,676,-48,,676,-43,,682,-46,,692,-43,,685,-42,,695,-48,,683,-40,,684,-46,,663,-47,,686,-46
675,-45,,700,-48,,675,-46,,688,-43,,695,-44,,679,-48,,686,-48,,675,-47,,676,-45,,677,-48,,677,-43,,683,-46,,693,-43,,686,-42,,696,-48,,684,-40,,685,-46,,664,-47,,687,-46
676,-45,,701,-48,,676,-46,,689,-43,,696,-44,,680,-48,,687,-48,,676,-47,,677,-45,,678,-48,,678,-43,,684,-46,,694,-43,,687,-42,,697,-48,,685,-40,,686,-46,,665,-47,,688,-46
677,-45,,702,-48,,677,-46,,690,-43,,697,-44,,681,-48,,688,-48,,677,-47,,678,-45,,679,-48,,679,-43,,685,-46,,695,-43,,688,-42,,698,-48,,686,-40,,687,-46,,666,-47,,689,-46
678,-45,,703,-48,,678,-46,,691,-43,,698,-44,,682,-48,,689,-48,,678,-47,,679,-44,,680,-48,,680,-43,,686,-46,,696,-43,,689,-42,,699,-47,,687,-40,,688,-46,,667,-47,,690,-46
679,-45,,704,-48,,679,-46,,692,-43,,699,-44,,683,-48,,690,-48,,679,-47,,680,-44,,681,-48,,681,-43,,687,-46,,697,-43,,690,-42,,700,-48,,688,-40,,689,-46,,668,-47,,691,-46
680,-45,,705,-48,,680,-46,,693,-43,,700,-44,,684,-48,,691,-48,,680,-47,,681,-45,,682,-48,,682,-43,,688,-46,,698,-43,,691,-43,,701,-48,,689,-40,,690,-46,,669,-47,,692,-46
681,-45,,706,-48,,681,-46,,694,-43,,701,-44,,685,-48,,692,-48,,681,-47,,682,-45,,683,-48,,683,-43,,689,-46,,699,-43,,692,-42,,702,-47,,690,-40,,691,-46,,670,-47,,693,-46
682,-45,,707,-48,,682,-46,,695,-43,,702,-44,,686,-48,,693,-48,,682,-48,,683,-45,,684,-48,,684,-44,,690,-46,,700,-43,,693,-43,,703,-47,,691,-41,,692,-47,,671,-47,,694,-46
683,-46,,708,-48,,683,-46,,696,-44,,703,-44,,687,-48,,694,-48,,683,-48,,684,-45,,685,-48,,685,-44,,691,-46,,701,-43,,694,-43,,704,-48,,692,-41,,693,-46,,672,-47,,695,-46
684,-46,,709,-48,,684,-46,,697,-44,,704,-44,,688,-48,,695,-48,,684,-48,,685,-45,,686,-48,,686,-44,,692,-46,,702,-44,,695,-43,,705,-48,,693,-41,,694,-47,,673,-47,,696,-46
685,-46,,710,-48,,685,-46,,698,-44,,705,-44,,689,-49,,696,-48,,685,-48,,686,-45,,687,-48,,687,-44,,693,-46,,703,-44,,696,-43,,706,-48,,694,-41,,695,-47,,674,-47,,697,-46
686,-46,,711,-48,,686,-46,,699,-44,,706,-44,,690,-49,,697,-48,,686,-48,,687,-45,,688,-48,,688,-44,,694,-47,,704,-44,,697,-43,,707,-48,,695,-41,,696,-47,,675,-48,,698,-46
687,-46,,712,-48,,687,-46,,700,-44,,707,-44,,691,-49,,698,-48,,687,-48,,688,-45,,689,-48,,689,-44,,695,-47,,705,-44,,698,-43,,708,-48,,696,-41,,697,-47,,676,-48,,699,-46
688,-46,,713,-48,,688,-46,,701,-44,,708,-44,,692,-49,,699,-48,,688,-48,,689,-45,,690,-48,,690,-44,,696,-47,,706,-44,,699,-43,,709,-48,,697,-41,,698,-47,,677,-48,,700,-46
689,-46,,714,-48,,689,-47,,702,-44,,709,-44,,693,-49,,700,-49,,689,-48,,690,-45,,691,-48,,691,-44,,697,-47,,707,-44,,700,-43,,710,-48,,698,-42,,699,-47,,678,-48,,701,-47
690,-46,,715,-49,,690,-47,,703,-44,,710,-44,,694,-49,,701,-49,,690,-48,,691,-45,,692,-48,,692,-44,,698,-47,,708,-44,,701,-43,,711,-48,,699,-42,,700,-47,,679,-48,,702,-47
691,-46,,716,-49,,691,-47,,704,-44,,711,-44,,695,-49,,702,-49,,691,-48,,692,-45,,693,-48,,693,-45,,699,-47,,709,-44,,702,-43,,712,-48,,700,-42,,701,-48,,680,-48,,703,-47
692,-46,,717,-49,,692,-47,,705,-44,,712,-45,,696,-49,,703,-49,,692,-48,,693,-45,,694,-48,,694,-45,,700,-47,,710,-44,,703,-43,,713,-48,,701,-42,,702,-48,,681,-48,,704,-47
693,-46,,718,-49,,693,-47,,706,-44,,713,-45,,697,-50,,704,-49,,693,-49,,694,-45,,695,-48,,695,-45,,701,-47,,711,-45,,704,-43,,714,-48,,702,-42,,703,-48,,682,-48,,705,-47
694,-47,,719,-49,,694,-47,,707,-44,,714,-45,,698,-49,,705,-49,,694,-49,,695,-45,,696,-49,,696,-45,,702,-47,,712,-45,,705,-43,,715,-48,,703,-42,,704,-48,,683,-48,,706,-47
695,-47,,720,-49,,695,-47,,708,-44,,715,-45,,699,-50,,706,-49,,695,-49,,696,-45,,697,-49,,697,-45,,703,-48,,713,-45,,706,-43,,716,-48,,704,-42,,705,-48,,684,-48,,707,-47
696,-47,,721,-49,,696,-47,,709,-45,,716,-45,,700,-50,,707,-49,,696,-49,,697,-45,,698,-49,,698,-45,,704,-48,,714,-45,,707,-43,,717,-48,,705,-42,,706,-48,,685,-48,,708,-47
697,-47,,722,-49,,697,-47,,710,-45,,717,-45,,701,-50,,708,-49,,697,-49,,698,-45,,699,-49,,699,-45,,705,-48,,715,-45,,708,-43,,718,-49,,706,-43,,707,-48,,686,-48,,709,-47
698,-47,,723,-49,,698,-47,,711,-45,,718,-45,,702,-50,,709,-49,,698,-49,,699,-45,,700,-49,,700,-45,,706,-48,,716,-45,,709,-43,,719,-49,,707,-43,,708,-48,,687,-48,,710,-47
699,-47,,724,-49,,699,-47,,712,-45,,719,-45,,703,-50,,710,-49,,699,-49,,700,-45,,701,-49,,701,-45,,707,-48,,717,-45,,710,-43,,720,-49,,708,-43,,709,-48,,688,-48,,711,-47
700,-47,,725,-49,,700,-47,,713,-45,,720,-45,,704,-50,,711,-49,,700,-49,,701,-45,,702,-49,,702,-45,,708,-48,,718,-45,,711,-43,,721,-49,,709,-43,,710,-48,,689,-48,,712,-47
701,-47,,726,-49,,701,-47,,714,-45,,721,-45,,705,-50,,712,-49,,701,-49,,702,-45,,703,-49,,703,-45,,709,-48,,719,-45,,712,-43,,722,-49,,710,-43,,711,-48,,690,-48,,713,-47
702,-47,,727,-49,,702,-47,,715,-45,,722,-45,,706,-50,,713,-50,,702,-49,,703,-45,,704,-49,,704,-45,,710,-48,,720,-45,,713,-43,,723,-49,,711,-43,,712,-48,,691,-48,,714,-47
703,-47,,728,-49,,703,-47,,716,-45,,723,-45,,707,-50,,714,-49,,703,-49,,704,-45,,705,-49,,705,-45,,711,-48,,721,-45,,714,-44,,724,-49,,712,-43,,713,-48,,692,-48,,715,-47
704,-47,,729,-49,,704,-47,,717,-45,,724,-45,,708,-50,,715,-49,,704,-49,,705,-45,,706,-49,,706,-45,,712,-48,,722,-45,,715,-44,,725,-49,,713,-43,,714,-48,,693,-48,,716,-47
705,-47,,730,-49,,705,-47,,718,-45,,725,-45,,709,-50,,716,-49,,705,-49,,706,-45,,707,-49,,707,-45,,713,-48,,723,-45,,716,-44,,726,-49,,714,-43,,715,-48,,694,-48,,717,-47
706,-47,,731,-49,,706,-47,,719,-45,,726,-45,,710,-50,,717,-49,,706,-49,,707,-45,,708,-49,,708,-45,,714,-48,,724,-45,,717,-44,,727,-49,,715,-43,,716,-48,,695,-48,,718,-47
707,-47,,732,-49,,707,-47,,720,-45,,727,-45,,711,-50,,718,-49,,707,-49,,708,-45,,709,-49,,709,-45,,715,-48,,725,-45,,718,-44,,728,-49,,716,-43,,717,-48,,696,-48,,719,-47
708,-47,,733,-49,,708,-47,,721,-45,,728,-45,,712,-50,,719,-49,,708,-49,,709,-45,,710,-49,,710,-45,,716,-48,,726,-45,,719,-44,,729,-49,,717,-43,,718,-48,,697,-48,,720,-47
709,-47,,734,-49,,709,-47,,722,-45,,729,-45,,713,-50,,720,-49,,709,-49,,710,-45,,711,-49,,711,-45,,717,-48,,727,-45,,720,-44,,730,-49,,718,-43,,719,-48,,698,-48,,721,-47
710,-47,,735,-49,,710,-47,,723,-45,,730,-45,,714,-50,,721,-49,,710,-49,,711,-45,,712,-49,,712,-45,,718,-48,,728,-45,,721,-44,,731,-49,,719,-43,,720,-48,,699,-48,,722,-47
711,-47,,736,-49,,711,-47,,724,-45,,731,-45,,715,-50,,722,-49,,711,-49,,712,-45,,713,-49,,713,-45,,719,-48,,729,-45,,722,-44,,732,-49,,720,-43,,721,-48,,700,-48,,723,-47
712,-47,,737,-49,,712,-47,,725,-45,,732,-45,,716,-50,,723,-49,,712,-49,,713,-45,,714,-49,,714,-45,,720,-48,,730,-45,,723,-44,,733,-49,,721,-43,,722,-48,,701,-48,,724,-47
713,-47,,738,-49,,713,-47,,726,-45,,733,-45,,717,-50,,724,-49,,713,-49,,714,-45,,715,-49,,715,-45,,721,-48,,731,-45,,724,-44,,734,-49,,722,-43,,723,-48,,702,-48,,725,-47
714,-47,,739,-49,,714,-47,,727,-45,,734,-45,,718,-50,,725,-49,,714,-49,,715,-45,,716,-49,,716,-45,,722,-48,,732,-45,,725,-44,,735,-49,,723,-43,,724,-48,,703,-48,,726,-47
715,-47,,740,-49,,715,-47,,728,-45,,735,-45,,719,-50,,726,-49,,715,-49,,716,-45,,717,-49,,717,-45,,723,-48,,733,-45,,726,-44,,736,-49,,724,-43,,725,-48,,704,-48,,727,-47
716,-47,,741,-49,,716,-47,,729,-45,,736,-45,,720,-50,,727,-49,,716,-49,,717,-45,,718,-49,,718,-45,,724,-48,,734,-45,,727,-43,,737,-49,,725,-43,,726,-48,,705,-48,,728,-47
717,-47,,742,-49,,717,-47,,730,-45,,737,-45,,721,-50,,728,-49,,717,-49,,718,-45,,719,-49,,719,-45,,725,-48,,735,-45,,728,-44,,738,-49,,726,-43,,727,-48,,706,-48,,729,-47
718,-47,,743,-49,,718,-47,,731,-45,,738,-45,,722,-50,,729,-49,,718,-49,,719,-45,,720,-49,,720,-45,,726,-48,,736,-45,,729,-43,,739,-49,,727,-43,,728,-48,,707,-48,,730,-47
719,-47,,744,-49,,719,-47,,732,-45,,739,-45,,723,-50,,730,-49,,719,-49,,720,-45,,721,-49,,721,-45,,727,-48,,737,-45,,730,-43,,740,-49,,728,-43,,729,-48,,708,-48,,731,-47
720,-47,,745,-49,,720,-47,,733,-45,,740,-45,,724,-50,,731,-49,,720,-49,,721,-45,,722,-49,,722,-45,,728,-48,,738,-45,,731,-43,,741,-49,,729,-42,,730,-48,,709,-48,,732,-47
721,-47,,746,-49,,721,-47,,734,-45,,741,-45,,725,-50,,732,-49,,721,-49,,722,-45,,723,-49,,723,-45,,729,-48,,739,-45,,732,-43,,742,-49,,730,-42,,731,-48,,710,-48,,733,-47
722,-47,,747,-49,,722,-47,,735,-45,,742,-45,,726,-50,,733,-49,,722,-49,,723,-45,,724,-49,,724,-45,,730,-48,,740,-45,,733,-43,,743,-49,,731,-42,,732,-48,,711,-48,,734,-47
723,-47,,748,-49,,723,-47,,736,-45,,743,-45,,727,-50,,734,-49,,723,-49,,724,-45,,725,-49,,725,-45,,731,-48,,741,-45,,734,-43,,744,-49,,732,-42,,733,-48,,712,-48,,735,-47
724,-47,,749,-49,,724,-47,,737,-45,,744,-45,,728,-50,,735,-49,,724,-49,,725,-45,,726,-49,,726,-45,,732,-48,,742,-45,,735,-43,,745,-49,,733,-42,,734,-48,,713,-48,,736,-47
725,-47,,750,-49,,725,-47,,738,-45,,745,-45,,729,-50,,736,-49,,725,-49,,726,-45,,727,-49,,727,-45,,733,-48,,743,-45,,736,-43,,746,-49,,734,-42,,735,-48,,714,-48,,737,-47
726,-47,,751,-49,,726,-47,,739,-45,,746,-45,,730,-50,,737,-49,,726,-49,,727,-45,,728,-49,,728,-45,,734,-48,,744,-45,,737,-43,,747,-49,,735,-42,,736,-48,,715,-48,,738,-47
727,-47,,752,-49,,727,-47,,740,-45,,747,-45,,731,-50,,738,-49,,727,-49,,728,-45,,729,-49,,729,-45,,735,-48,,745,-45,,738,-43,,748,-49,,736,-42,,737,-48,,716,-48,,739,-47
728,-47,,753,-49,,728,-47,,741,-45,,748,-45,,732,-50,,739,-49,,728,-49,,729,-45,,730,-49,,730,-45,,736,-48,,746,-45,,739,-43,,749,-49,,737,-42,,738,-48,,717,-48,,740,-47
729,-47,,754,-49,,729,-47,,742,-45,,749,-45,,733,-50,,740,-49,,729,-49,,730,-45,,731,-49,,731,-45,,737,-48,,747,-45,,740,-43,,750,-49,,738,-42,,739,-48,,718,-48,,741,-47
730,-47,,755,-49,,730,-47,,743,-45,,750,-45,,734,-50,,741,-49,,730,-49,,731,-45,,732,-49,,732,-45,,738,-48,,748,-45,,741,-43,,751,-49,,739,-42,,740,-48,,719,-48,,742,-47
731,-47,,756,-49,,731,-47,,744,-45,,751,-45,,735,-50,,742,-49,,731,-49,,732,-45,,733,-49,,733,-45,,739,-48,,749,-45,,742,-43,,752,-49,,740,-42,,741,-48,,720,-48,,743,-47
732,-47,,757,-49,,732,-47,,745,-45,,752,-45,,736,-50,,743,-49,,732,-49,,733,-45,,734,-49,,734,-45,,740,-48,,750,-45,,743,-43,,753,-49,,741,-42,,742,-48,,721,-48,,744,-47
733,-47,,758,-49,,733,-47,,746,-45,,753,-45,,737,-50,,744,-49,,733,-49,,734,-45,,735,-49,,735,-45,,741,-48,,751,-45,,744,-43,,754,-48,,742,-42,,743,-48,,722,-48,,745,-46
734,-47,,759,-49,,734,-47,,747,-45,,754,-45,,738,-50,,745,-49,,734,-49,,735,-45,,736,-49,,736,-45,,742,-47,,752,-45,,745,-43,,755,-48,,743,-42,,744,-48,,723,-48,,746,-46
735,-47,,760,-49,,735,-47,,748,-45,,755,-45,,739,-49,,746,-49,,735,-49,,736,-45,,737,-49,,737,-45,,743,-47,,753,-45,,746,-43,,756,-48,,744,-42,,745,-48,,724,-48,,747,-46
736,-47,,761,-49,,736,-46,,749,-45,,756,-45,,740,-49,,747,-49,,736,-48,,737,-45,,738,-49,,738,-45,,744,-47,,754,-45,,747,-43,,757,-48,,745,-42,,746,-47,,725,-48,,748,-46
737,-47,,762,-49,,737,-46,,750,-44,,757,-45,,741,-49,,748,-49,,737,-48,,738,-45,,739,-49,,739,-44,,745,-47,,755,-45,,748,-43,,758,-48,,746,-42,,747,-47,,726,-48,,749,-46
738,-47,,763,-49,,738,-46,,751,-44,,758,-45,,742,-49,,749,-49,,738,-48,,739,-45,,740,-49,,740,-44,,746,-47,,756,-45,,749,-43,,759,-48,,747,-42,,748,-47,,727,-48,,750,-46
739,-46,,764,-49,,739,-46,,752,-44,,759,-45,,743,-49,,750,-49,,739,-48,,740,-45,,741,-48,,741,-44,,747,-47,,757,-44,,750,-43,,760,-48,,748,-42,,749,-47,,728,-48,,751,-46
740,-46,,765,-49,,740,-46,,753,-44,,760,-45,,744,-49,,751,-49,,740,-48,,741,-45,,742,-48,,742,-44,,748,-47,,758,-44,,751,-43,,761,-48,,749,-42,,750,-47,,729,-48,,752,-46
741,-46,,766,-48,,741,-46,,754,-44,,761,-45,,745,-49,,752,-49,,741,-48,,742,-45,,743,-48,,743,-44,,749,-47,,759,-44,,752,-43,,762,-48,,750,-42,,751,-47,,730,-48,,753,-46
742,-46,,767,-48,,742,-46,,755,-44,,762,-45,,746,-49,,753,-49,,742,-48,,743,-45,,744,-48,,744,-44,,750,-47,,760,-44,,753,-43,,763,-48,,751,-42,,752,-47,,731,-48,,754,-46
743,-46,,768,-49,,743,-46,,756,-44,,763,-45,,747,-49,,754,-49,,743,-48,,744,-45,,745,-48,,745,-44,,751,-47,,761,-44,,754,-43,,764,-48,,752,-42,,753,-47,,732,-48,,755,-46
744,-46,,769,-48,,744,-46,,757,-44,,764,-45,,748,-49,,755,-49,,744,-48,,745,-45,,746,-48,,746,-44,,752,-47,,762,-44,,755,-43,,765,-48,,753,-42,,754,-47,,733,-48,,756,-46
745,-46,,770,-48,,745,-46,,758,-44,,765,-45,,749,-49,,756,-49,,745,-48,,746,-45,,747,-48,,747,-44,,753,-46,,763,-44,,756,-43,,766,-48,,754,-42,,755,-47,,734,-48,,757,-46
746,-46,,771,-48,,746,-46,,759,-44,,766,-45,,750,-49,,757,-49,,746,-48,,747,-45,,748,-48,,748,-44,,754,-46,,764,-44,,757,-43,,767,-48,,755,-42,,756,-47,,735,-48,,758,-46
747,-46,,772,-48,,747,-46,,760,-44,,767,-45,,751,-49,,758,-49,,747,-48,,748,-45,,749,-48,,749,-44,,755,-46,,765,-44,,758,-43,,768,-48,,756,-42,,757,-47,,736,-48,,759,-46
748,-46,,773,-48,,748,-46,,761,-44,,768,-45,,752,-49,,759,-49,,748,-48,,749,-45,,750,-48,,750,-44,,756,-46,,766,-44,,759,-43,,769,-48,,757,-42,,758,-47,,737,-48,,760,-46
749,-46,,774,-48,,749,-46,,762,-44,,769,-45,,753,-49,,760,-49,,749,-48,,750,-45,,751,-48,,751,-44,,757,-46,,767,-44,,760,-43,,770,-48,,758,-42,,759,-47,,738,-48,,761,-46
750,-46,,775,-48,,750,-46,,763,-44,,770,-45,,754,-49,,761,-49,,750,-48,,751,-45,,752,-48,,752,-44,,758,-46,,768,-44,,761,-43,,771,-48,,759,-42,,760,-47,,739,-48,,762,-46
751,-46,,776,-48,,751,-46,,764,-44,,771,-45,,755,-49,,762,-49,,751,-48,,752,-45,,753,-48,,753,-44,,759,-46,,769,-44,,762,-43,,772,-48,,760,-42,,761,-47,,740,-48,,763,-46
752,-46,,777,-48,,752,-46,,765,-44,,772,-45,,756,-49,,763,-49,,752,-48,,753,-45,,754,-48,,754,-44,,760,-46,,770,-44,,763,-43,,773,-48,,761,-42,,762,-47,,741,-48,,764,-46
753,-46,,778,-48,,753,-46,,766,-44,,773,-45,,757,-49,,764,-49,,753,-48,,754,-45,,755,-48,,755,-44,,761,-46,,771,-44,,764,-43,,774,-48,,762,-42,,763,-47,,742,-48,,765,-46
754,-46,,779,-48,,754,-46,,767,-44,,774,-45,,758,-49,,765,-49,,754,-48,,755,-45,,756,-48,,756,-44,,762,-46,,772,-44,,765,-43,,775,-48,,763,-42,,764,-47,,743,-48,,766,-46
755,-46,,780,-48,,755,-46,,768,-44,,775,-45,,759,-49,,766,-49,,755,-48,,756,-45,,757,-48,,757,-44,,763,-46,,773,-44,,766,-43,,776,-48,,764,-42,,765,-47,,744,-48,,767,-46
756,-46,,781,-48,,756,-46,,769,-44,,776,-45,,760,-49,,767,-49,,756,-48,,757,-45,,758,-48,,758,-44,,764,-46,,774,-44,,767,-43,,777,-48,,765,-42,,766,-47,,745,-48,,768,-46
757,-46,,782,-48,,757,-46,,770,-44,,777,-45,,761,-49,,768,-49,,757,-48,,758,-45,,759,-48,,759,-44,,765,-46,,775,-44,,768,-43,,778,-48,,766,-42,,767,-47,,746,-48,,769,-46
758,-46,,783,-48,,758,-46,,771,-44,,778,-45,,762,-49,,769,-49,,758,-48,,759,-45,,760,-48,,760,-44,,766,-46,,776,-44,,769,-43,,779,-48,,767,-42,,768,-47,,747,-48,,770,-46
759,-46,,784,-48,,759,-46,,772,-44,,779,-45,,763,-49,,770,-49,,759,-48,,760,-45,,761,-48,,761,-44,,767,-46,,777,-44,,770,-43,,780,-48,,768,-42,,769,-47,,748,-48,,771,-46
760,-46,,785,-49,,760,-46,,773,-44,,780,-45,,764,-49,,771,-49,,760,-48,,761,-45,,762,-48,,762,-44,,768,-46,,778,-44,,771,-43,,781,-48,,769,-42,,770,-47,,749,-48,,772,-46
761,-46,,786,-49,,761,-46,,774,-44,,781,-45,,765,-49,,772,-49,,761,-48,,762,-45,,763,-48,,763,-44,,769,-46,,779,-44,,772,-43,,782,-48,,770,-42,,771,-47,,750,-48,,773,-46
762,-46,,787,-49,,762,-46,,775,-44,,782,-45,,766,-49,,773,-49,,762,-48,,763,-45,,764,-48,,764,-44,,770,-46,,780,-44,,773,-43,,783,-48,,771,-42,,772,-47,,751,-48,,774,-46
763,-46,,788,-49,,763,-46,,776,-44,,783,-45,,767,-49,,774,-49,,763,-48,,764,-45,,765,-48,,765,-44,,771,-46,,781,-44,,774,-43,,784,-48,,772,-42,,773,-47,,752,-48,,775,-46
764,-46,,789,-49,,764,-46,,777,-44,,784,-45,,768,-49,,775,-49,,764,-48,,765,-45,,766,-48,,766,-44,,772,-46,,782,-44,,775,-43,,785,-48,,773,-42,,774,-47,,753,-48,,776,-46
765,-46,,790,-49,,765,-46,,778,-44,,785,-45,,769,-49,,776,-49,,765,-48,,766,-45,,767,-48,,767,-44,,773,-46,,783,-44,,776,-43,,786,-48,,774,-42,,775,-47,,754,-48,,777,-46
766,-46,,791,-49,,766,-46,,779,-44,,786,-45,,770,-49,,777,-49,,766,-48,,767,-45,,768,-48,,768,-44,,774,-46,,784,-44,,777,-43,,787,-48,,775,-42,,776,-47,,755,-48,,778,-46
767,-46,,792,-49,,767,-46,,780,-44,,787,-45,,771,-49,,778,-49,,767,-48,,768,-45,,769,-48,,769,-44,,775,-46,,785,-44,,778,-43,,788,-48,,776,-42,,777,-48,,756,-48,,779,-47
768,-46,,793,-49,,768,-46,,781,-44,,788,-45,,772,-49,,779,-49,,768,-48,,769,-45,,770,-48,,770,-44,,776,-46,,786,-44,,779,-43,,789,-48,,777,-42,,778,-48,,757,-48,,780,-47
769,-46,,794,-49,,769,-47,,782,-44,,789,-45,,773,-49,,780,-49,,769,-48,,770,-45,,771,-48,,771,-44,,777,-46,,787,-44,,780,-43,,790,-48,,778,-42,,779,-48,,758,-48,,781,-47
770,-46,,795,-49,,770,-47,,783,-44,,790,-45,,774,-49,,781,-49,,770,-48,,771,-45,,772,-48,,772,-44,,778,-46,,788,-44,,781,-43,,791,-48,,779,-42,,780,-48,,759,-48,,782,-47
771,-46,,796,-49,,771,-47,,784,-44,,791,-45,,775,-49,,782,-49,,771,-48,,772,-45,,773,-48,,773,-44,,779,-47,,789,-44,,782,-43,,792,-48,,780,-42,,781,-48,,760,-48,,783,-47
772,-46,,797,-49,,772,-47,,785,-44,,792,-45,,776,-49,,783,-49,,772,-48,,773,-45,,774,-48,,774,-44,,780,-47,,790,-45,,783,-43,,793,-48,,781,-42,,782,-48,,761,-48,,784,-47
773,-46,,798,-49,,773,-47,,786,-44,,793,-45,,777,-49,,784,-49,,773,-48,,774,-45,,775,-49,,775,-44,,781,-47,,791,-45,,784,-43,,794,-48,,782,-42,,783,-48,,762,-48,,785,-47
774,-46,,799,-49,,774,-47,,787,-44,,794,-45,,778,-49,,785,-49,,774,-48,,775,-45,,776,-49,,776,-44,,782,-47,,792,-45,,785,-43,,795,-48,,783,-42,,784,-48,,763,-48,,786,-47
775,-47,,800,-49,,775,-47,,788,-45,,795,-45,,779,-49,,786,-49,,775,-49,,776,-45,,777,-49,,777,-45,,783,-47,,793,-45,,786,-43,,796,-48,,784,-42,,785,-48,,764,-48,,787,-47
776,-47,,801,-49,,776,-47,,789,-44,,796,-45,,780,-50,,787,-49,,776,-49,,777,-45,,778,-49,,778,-45,,784,-47,,794,-45,,787,-43,,797,-48,,785,-42,,786,-48,,765,-48,,788,-47
777,-47,,802,-49,,777,-47,,790,-45,,797,-45,,781,-49,,788,-49,,777,-49,,778,-45,,779,-49,,779,-45,,785,-47,,795,-45,,788,-43,,798,-48,,786,-42,,787,-48,,766,-48,,789,-47
778,-47,,803,-49,,778,-47,,791,-45,,798,-45,,782,-50,,789,-49,,778,-49,,779,-45,,780,-49,,780,-45,,786,-47,,796,-45,,789,-43,,799,-48,,787,-42,,788,-48,,767,-48,,790,-47
779,-47,,804,-49,,779,-47,,792,-45,,799,-45,,783,-50,,790,-49,,779,-49,,780,-45,,781,-49,,781,-45,,787,-47,,797,-45,,790,-43,,800,-48,,788,-42,,789,-48,,768,-48,,791,-47
780,-47,,805,-49,,780,-47,,793,-45,,800,-45,,784,-50,,791,-49,,780,-49,,781,-45,,782,-49,,782,-45,,788,-47,,798,-45,,791,-43,,801,-48,,789,-42,,790,-48,,769,-48,,792,-47
781,-47,,806,-49,,781,-47,,794,-45,,801,-45,,785,-50,,792,-49,,781,-49,,782,-45,,783,-49,,783,-45,,789,-47,,799,-45,,792,-43,,802,-48,,790,-42,,791,-48,,770,-48,,793,-47
782,-47,,807,-49,,782,-47,,795,-45,,802,-45,,786,-50,,793,-49,,782,-49,,783,-45,,784,-49,,784,-45,,790,-47,,800,-45,,793,-43,,803,-48,,791,-42,,792,-48,,771,-48,,794,-47
783,-47,,808,-49,,783,-47,,796,-45,,803,-45,,787,-50,,794,-49,,783,-49,,784,-45,,785,-49,,785,-45,,791,-47,,801,-45,,794,-43,,804,-48,,792,-42,,793,-48,,772,-48,,795,-47
784,-47,,809,-49,,784,-47,,797,-45,,804,-45,,788,-50,,795,-49,,784,-49,,785,-45,,786,-49,,786,-45,,792,-47,,802,-45,,795,-43,,805,-48,,793,-42,,794,-48,,773,-48,,796,-47
785,-47,,810,-49,,785,-47,,798,-45,,805,-45,,789,-50,,796,-49,,785,-49,,786,-45,,787,-49,,787,-45,,793,-47,,803,-45,,796,-43,,806,-48,,794,-42,,795,-48,,774,-48,,797,-47
786,-47,,811,-49,,786,-47,,799,-45,,806,-45,,790,-50,,797,-49,,786,-49,,787,-45,,788,-49,,788,-45,,794,-47,,804,-45,,797,-43,,807,-48,,795,-42,,796,-48,,775,-48,,798,-47
787,-47,,812,-49,,787,-47,,800,-45,,807,-45,,791,-50,,798,-49,,787,-49,,788,-45,,789,-49,,789,-45,,795,-47,,805,-45,,798,-43,,808,-48,,796,-42,,797,-48,,776,-48,,799,-47
788,-47,,813,-49,,788,-47,,801,-45,,808,-45,,792,-50,,799,-49,,788,-49,,789,-45,,790,-49,,790,-45,,796,-47,,806,-45,,799,-43,,809,-48,,797,-42,,798,-48,,777,-48,,800,-47
789,-47,,814,-49,,789,-47,,802,-45,,809,-45,,793,-50,,800,-49,,789,-49,,790,-45,,791,-49,,791,-45,,797,-47,,807,-45,,800,-43,,810,-48,,798,-42,,799,-48,,778,-48,,801,-47
790,-47,,815,-49,,790,-47,,803,-45,,810,-45,,794,-50,,801,-49,,790,-49,,791,-45,,792,-49,,792,-45,,798,-47,,808,-45,,801,-43,,811,-48,,799,-42,,800,-48,,779,-48,,802,-47
791,-47,,816,-49,,791,-47,,804,-45,,811,-45,,795,-50,,802,-49,,791,-49,,792,-45,,793,-49,,793,-45,,799,-47,,809,-45,,802,-43,,812,-48,,800,-42,,801,-48,,780,-48,,803,-47
792,-47,,817,-49,,792,-47,,805,-45,,812,-45,,796,-50,,803,-49,,792,-49,,793,-45,,794,-49,,794,-45,,800,-47,,810,-45,,803,-43,,813,-48,,801,-42,,802,-48,,781,-48,,804,-47
793,-47,,818,-49,,793,-47,,806,-45,,813,-45,,797,-50,,804,-49,,793,-49,,794,-45,,795,-49,,795,-45,,801,-47,,811,-45,,804,-43,,814,-48,,802,-42,,803,-48,,782,-48,,805,-47
794,-47,,819,-49,,794,-47,,807,-45,,814,-45,,798,-50,,805,-49,,794,-49,,795,-45,,796,-49,,796,-45,,802,-47,,812,-45,,805,-43,,815,-48,,803,-42,,804,-48,,783,-48,,806,-47
795,-47,,820,-49,,795,-47,,808,-45,,815,-45,,799,-50,,806,-49,,795,-49,,796,-45,,797,-49,,797,-45,,803,-47,,813,-45,,806,-43,,816,-48,,804,-42,,805,-48,,784,-48,,807,-47
796,-47,,821,-49,,796,-47,,809,-45,,816,-45,,800,-50,,807,-49,,796,-49,,797,-45,,798,-49,,798,-45,,804,-47,,814,-45,,807,-43,,817,-48,,805,-42,,806,-48,,785,-48,,808,-47
797,-47,,822,-49,,797,-47,,810,-45,,817,-45,,801,-50,,808,-49,,797,-49,,798,-45,,799,-49,,799,-45,,805,-47,,815,-45,,808,-43,,818,-48,,806,-42,,807,-48,,786,-48,,809,-47
798,-47,,823,-49,,798,-47,,811,-45,,818,-45,,802,-50,,809,-49,,798,-49,,799,-45,,800,-49,,800,-45,,806,-47,,816,-45,,809,-43,,819,-48,,807,-42,,808,-48,,787,-48,,810,-47
799,-47,,824,-49,,799,-47,,812,-45,,819,-45,,803,-50,,810,-49,,799,-49,,800,-45,,801,-49,,801,-45,,807,-47,,817,-45,,810,-43,,820,-48,,808,-42,,809,-48,,788,-48,,811,-47
800,-47,,825,-49,,800,-47,,813,-45,,820,-45,,804,-50,,811,-49,,800,-49,,801,-45,,802,-49,,802,-45,,808,-47,,818,-45,,811,-43,,821,-48,,809,-42,,810,-48,,789,-48,,812,-47
801,-47,,826,-49,,801,-47,,814,-45,,821,-45,,805,-50,,812,-49,,801,-49,,802,-45,,803,-49,,803,-45,,809,-47,,819,-45,,812,-43,,822,-48,,810,-42,,811,-48,,790,-48,,813,-47
802,-47,,827,-49,,802,-47,,815,-45,,822,-45,,806,-50,,813,-49,,802,-49,,803,-45,,804,-49,,804,-45,,810,-47,,820,-45,,813,-43,,823,-48,,811,-42,,812,-48,,791,-48,,814,-47
803,-47,,828,-49,,803,-47,,816,-45,,823,-45,,807,-50,,814,-49,,803,-49,,804,-45,,805,-49,,805,-45,,811,-47,,821,-45,,814,-43,,824,-48,,812,-42,,813,-48,,792,-48,,815,-47
804,-47,,829,-49,,804,-47,,817,-45,,824,-45,,808,-50,,815,-49,,804,-49,,805,-45,,806,-49,,806,-45,,812,-47,,822,-45,,815,-43,,825,-48,,813,-42,,814,-48,,793,-48,,816,-47
805,-47,,830,-49,,805,-47,,818,-45,,825,-45,,809,-50,,816,-49,,805,-49,,806,-45,,807,-49,,807,-45,,813,-47,,823,-45,,816,-43,,826,-48,,814,-42,,815,-48,,794,-48,,817,-47
806,-47,,831,-49,,806,-47,,819,-45,,826,-45,,810,-50,,817,-49,,806,-49,,807,-45,,808,-49,,808,-45,,814,-47,,824,-45,,817,-43,,827,-48,,815,-42,,816,-48,,795,-48,,818,-47
807,-47,,832,-49,,807,-47,,820,-45,,827,-45,,811,-50,,818,-49,,807,-49,,808,-45,,809,-49,,809,-45,,815,-47,,825,-45,,818,-43,,828,-48,,816,-42,,817,-48,,796,-48,,819,-47
808,-47,,833,-49,,808,-47,,821,-45,,828,-45,,812,-50,,819,-49,,808,-49,,809,-45,,810,-49,,810,-45,,816,-47,,826,-45,,819,-43,,829,-48,,817,-42,,818,-48,,797,-48,,820,-47
809,-47,,834,-49,,809,-47,,822,-45,,829,-45,,813,-50,,820,-49,,809,-49,,810,-45,,811,-49,,811,-45,,817,-47,,827,-45,,820,-43,,830,-48,,818,-42,,819,-48,,798,-48,,821,-47
810,-47,,835,-49,,810,-47,,823,-45,,830,-45,,814,-50,,821,-49,,810,-49,,811,-45,,812,-49,,812,-45,,818,-47,,828,-45,,821,-43,,831,-48,,819,-42,,820,-48,,799,-48,,822,-47
811,-47,,836,-49,,811,-47,,824,-44,,831,-45,,815,-50,,822,-49,,811,-49,,812,-45,,813,-49,,813,-45,,819,-47,,829,-45,,822,-43,,832,-48,,820,-42,,821,-48,,800,-48,,823,-46
812,-47,,837,-49,,812,-47,,825,-44,,832,-45,,816,-50,,823,-49,,812,-49,,813,-45,,814,-49,,814,-45,,820,-47,,830,-45,,823,-43,,833,-48,,821,-42,,822,-48,,801,-48,,824,-46
813,-47,,838,-49,,813,-47,,826,-44,,833,-45,,817,-49,,824,-49,,813,-48,,814,-45,,815,-49,,815,-45,,821,-47,,831,-45,,824,-43,,834,-48,,822,-42,,823,-48,,802,-48,,825,-46
814,-47,,839,-49,,814,-46,,827,-44,,834,-45,,818,-49,,825,-49,,814,-49,,815,-45,,816,-49,,816,-45,,822,-47,,832,-45,,825,-43,,835,-48,,823,-42,,824,-48,,803,-48,,826,-46
815,-47,,840,-49,,815,-46,,828,-44,,835,-45,,819,-49,,826,-49,,815,-48,,816,-45,,817,-49,,817,-44,,823,-47,,833,-45,,826,-43,,836,-48,,824,-42,,825,-48,,804,-48,,827,-46
