20240819_f1_count,20240819_f1_angle,,20240819_f10_count,20240819_f10_angle,,20240819_f11_count,20240819_f11_angle,,20240819_f12_count,20240819_f12_angle,,20240819_f13_count,20240819_f13_angle,,20240819_f14_count,20240819_f14_angle,,20240819_f15_count,20240819_f15_angle,,20240819_f16_count,20240819_f16_angle,,20240819_f17_count,20240819_f17_angle,,20240819_f18_count,20240819_f18_angle,,20240819_f19_count,20240819_f19_angle,,20240819_f2_count,20240819_f2_angle,,20240819_f20_count,20240819_f20_angle,,20240819_f3_count,20240819_f3_angle,,20240819_f4_count,20240819_f4_angle,,20240819_f5_count,20240819_f5_angle,,20240819_f6_count,20240819_f6_angle,,20240819_f7_count,20240819_f7_angle,,20240819_f8_count,20240819_f8_angle,,20240819_f9_count,20240819_f9_angle
469,-32,,469,-36,,478,-31,,466,-35,,466,-36,,458,-37,,460,-35,,463,-35,,470,-32,,473,-36,,460,-37,,464,-33,,460,-37,,484,-36,,486,-34,,470,-33,,474,-32,,468,-31,,471,-33,,468,-30
470,-32,,470,-36,,479,-31,,467,-35,,467,-36,,459,-37,,461,-35,,464,-35,,471,-32,,474,-36,,461,-37,,465,-33,,461,-37,,485,-36,,487,-34,,471,-33,,475,-32,,469,-31,,472,-33,,469,-30
471,-32,,471,-36,,480,-31,,468,-35,,468,-36,,460,-37,,462,-35,,465,-35,,472,-32,,475,-36,,462,-37,,466,-33,,462,-36,,486,-36,,488,-34,,472,-33,,476,-32,,470,-31,,473,-33,,470,-30
472,-32,,472,-36,,481,-31,,469,-35,,469,-36,,461,-37,,463,-35,,466,-35,,473,-32,,476,-36,,463,-37,,467,-33,,463,-37,,487,-36,,489,-34,,473,-33,,477,-32,,471,-31,,474,-33,,471,-30
473,-32,,473,-36,,482,-31,,470,-35,,470,-36,,462,-37,,464,-35,,467,-35,,474,-32,,477,-36,,464,-37,,468,-33,,464,-37,,488,-36,,490,-34,,474,-33,,478,-32,,472,-31,,475,-33,,472,-30
474,-32,,474,-36,,483,-31,,471,-35,,471,-36,,463,-37,,465,-35,,468,-35,,475,-32,,478,-36,,465,-37,,469,-33,,465,-37,,489,-36,,491,-34,,475,-33,,479,-32,,473,-31,,476,-33,,473,-30
475,-32,,475,-36,,484,-31,,472,-35,,472,-36,,464,-37,,466,-35,,469,-35,,476,-32,,479,-36,,466,-37,,470,-33,,466,-37,,490,-36,,492,-34,,476,-33,,480,-32,,474,-31,,477,-33,,474,-30
476,-32,,476,-36,,485,-31,,473,-35,,473,-36,,465,-37,,467,-35,,470,-35,,477,-32,,480,-36,,467,-37,,471,-33,,467,-37,,491,-36,,493,-34,,477,-33,,481,-32,,475,-31,,478,-33,,475,-30
477,-32,,477,-36,,486,-31,,474,-35,,474,-36,,466,-37,,468,-35,,471,-35,,478,-32,,481,-36,,468,-37,,472,-33,,468,-37,,492,-36,,494,-34,,478,-33,,482,-32,,476,-31,,479,-33,,476,-30
478,-32,,478,-36,,487,-31,,475,-35,,475,-36,,467,-37,,469,-35,,472,-35,,479,-32,,482,-36,,469,-37,,473,-33,,469,-37,,493,-36,,495,-34,,479,-33,,483,-32,,477,-31,,480,-33,,477,-30
479,-32,,479,-36,,488,-31,,476,-35,,476,-36,,468,-37,,470,-35,,473,-35,,480,-32,,483,-36,,470,-37,,474,-33,,470,-37,,494,-36,,496,-34,,480,-33,,484,-32,,478,-31,,481,-33,,478,-30
480,-32,,480,-36,,489,-31,,477,-35,,477,-36,,469,-37,,471,-35,,474,-35,,481,-32,,484,-36,,471,-37,,475,-33,,471,-37,,495,-36,,497,-34,,481,-33,,485,-32,,479,-31,,482,-33,,479,-30
481,-32,,481,-36,,490,-31,,478,-35,,478,-36,,470,-37,,472,-35,,475,-35,,482,-32,,485,-36,,472,-37,,476,-33,,472,-37,,496,-36,,498,-34,,482,-33,,486,-32,,480,-31,,483,-33,,480,-30
482,-32,,482,-36,,491,-31,,479,-35,,479,-36,,471,-37,,473,-35,,476,-35,,483,-32,,486,-36,,473,-37,,477,-33,,473,-37,,497,-36,,499,-35,,483,-33,,487,-32,,481,-31,,484,-33,,481,-30
483,-32,,483,-36,,492,-31,,480,-35,,480,-36,,472,-37,,474,-35,,477,-35,,484,-32,,487,-36,,474,-37,,478,-33,,474,-37,,498,-36,,500,-35,,484,-33,,488,-32,,482,-31,,485,-33,,482,-30
484,-32,,484,-36,,493,-31,,481,-35,,481,-36,,473,-37,,475,-35,,478,-35,,485,-32,,488,-36,,475,-37,,479,-33,,475,-37,,499,-36,,501,-34,,485,-33,,489,-32,,483,-31,,486,-33,,483,-30
485,-32,,485,-36,,494,-31,,482,-35,,482,-36,,474,-37,,476,-35,,479,-35,,486,-32,,489,-36,,476,-37,,480,-33,,476,-37,,500,-36,,502,-34,,486,-33,,490,-32,,484,-31,,487,-33,,484,-30
486,-32,,486,-36,,495,-31,,483,-35,,483,-36,,475,-37,,477,-35,,480,-35,,487,-32,,490,-36,,477,-37,,481,-33,,477,-37,,501,-36,,503,-34,,487,-33,,491,-32,,485,-31,,488,-33,,485,-30
487,-32,,487,-36,,496,-31,,484,-35,,484,-36,,476,-37,,478,-35,,481,-35,,488,-32,,491,-36,,478,-37,,482,-33,,478,-37,,502,-36,,504,-34,,488,-33,,492,-32,,486,-31,,489,-33,,486,-30
488,-32,,488,-36,,497,-31,,485,-35,,485,-36,,477,-37,,479,-35,,482,-35,,489,-32,,492,-36,,479,-37,,483,-33,,479,-37,,503,-36,,505,-35,,489,-33,,493,-32,,487,-31,,490,-33,,487,-30
489,-32,,489,-36,,498,-31,,486,-35,,486,-36,,478,-37,,480,-35,,483,-35,,490,-32,,493,-36,,480,-37,,484,-33,,480,-37,,504,-36,,506,-35,,490,-33,,494,-32,,488,-31,,491,-33,,488,-30
490,-32,,490,-36,,499,-31,,487,-35,,487,-36,,479,-37,,481,-35,,484,-35,,491,-32,,494,-36,,481,-37,,485,-33,,481,-37,,505,-36,,507,-35,,491,-33,,495,-32,,489,-31,,492,-33,,489,-30
491,-32,,491,-36,,500,-31,,488,-35,,488,-36,,480,-37,,482,-35,,485,-35,,492,-32,,495,-36,,482,-37,,486,-33,,482,-37,,506,-36,,508,-35,,492,-33,,496,-32,,490,-31,,493,-33,,490,-30
492,-32,,492,-36,,501,-31,,489,-35,,489,-36,,481,-37,,483,-35,,486,-35,,493,-32,,496,-36,,483,-37,,487,-33,,483,-37,,507,-36,,509,-35,,493,-33,,497,-32,,491,-31,,494,-33,,491,-30
493,-32,,493,-36,,502,-31,,490,-35,,490,-36,,482,-37,,484,-35,,487,-35,,494,-32,,497,-36,,484,-37,,488,-33,,484,-37,,508,-36,,510,-35,,494,-33,,498,-32,,492,-31,,495,-33,,492,-30
494,-32,,494,-36,,503,-31,,491,-35,,491,-36,,483,-37,,485,-35,,488,-35,,495,-32,,498,-36,,485,-37,,489,-33,,485,-37,,509,-37,,511,-35,,495,-33,,499,-32,,493,-31,,496,-33,,493,-30
495,-32,,495,-36,,504,-31,,492,-35,,492,-36,,484,-37,,486,-35,,489,-35,,496,-32,,499,-36,,486,-37,,490,-33,,486,-37,,510,-37,,512,-35,,496,-33,,500,-32,,494,-31,,497,-33,,494,-30
496,-32,,496,-36,,505,-31,,493,-35,,493,-36,,485,-38,,487,-35,,490,-35,,497,-32,,500,-36,,487,-37,,491,-33,,487,-37,,511,-37,,513,-35,,497,-33,,501,-32,,495,-31,,498,-33,,495,-30
497,-32,,497,-36,,506,-31,,494,-35,,494,-36,,486,-38,,488,-36,,491,-35,,498,-32,,501,-36,,488,-37,,492,-33,,488,-38,,512,-37,,514,-35,,498,-33,,502,-32,,496,-31,,499,-33,,496,-30
498,-32,,498,-36,,507,-32,,495,-35,,495,-36,,487,-38,,489,-36,,492,-35,,499,-32,,502,-36,,489,-37,,493,-33,,489,-38,,513,-37,,515,-35,,499,-33,,503,-32,,497,-32,,500,-33,,497,-31
499,-32,,499,-36,,508,-32,,496,-35,,496,-36,,488,-38,,490,-36,,493,-35,,500,-32,,503,-36,,490,-37,,494,-33,,490,-38,,514,-37,,516,-35,,500,-33,,504,-32,,498,-32,,501,-33,,498,-31
500,-32,,500,-36,,509,-32,,497,-35,,497,-36,,489,-38,,491,-36,,494,-35,,501,-32,,504,-36,,491,-37,,495,-33,,491,-38,,515,-37,,517,-35,,501,-33,,505,-32,,499,-32,,502,-33,,499,-31
501,-32,,501,-36,,510,-32,,498,-35,,498,-36,,490,-38,,492,-36,,495,-35,,502,-32,,505,-36,,492,-37,,496,-34,,492,-38,,516,-37,,518,-35,,502,-34,,506,-32,,500,-32,,503,-33,,500,-31
502,-32,,502,-36,,511,-32,,499,-35,,499,-36,,491,-38,,493,-36,,496,-35,,503,-32,,506,-37,,493,-37,,497,-34,,493,-38,,517,-37,,519,-35,,503,-34,,507,-32,,501,-32,,504,-33,,501,-31
503,-32,,503,-36,,512,-32,,500,-35,,500,-36,,492,-38,,494,-36,,497,-35,,504,-32,,507,-37,,494,-37,,498,-34,,494,-38,,518,-37,,520,-35,,504,-34,,508,-32,,502,-32,,505,-33,,502,-31
504,-32,,504,-36,,513,-32,,501,-35,,501,-36,,493,-38,,495,-36,,498,-35,,505,-32,,508,-37,,495,-38,,499,-34,,495,-38,,519,-37,,521,-35,,505,-34,,509,-32,,503,-32,,506,-33,,503,-31
505,-32,,505,-36,,514,-32,,502,-35,,502,-36,,494,-38,,496,-36,,499,-35,,506,-32,,509,-37,,496,-38,,500,-34,,496,-38,,520,-37,,522,-35,,506,-34,,510,-32,,504,-32,,507,-33,,504,-31
506,-33,,506,-36,,515,-32,,503,-35,,503,-36,,495,-38,,497,-36,,500,-35,,507,-32,,510,-37,,497,-38,,501,-34,,497,-38,,521,-37,,523,-34,,507,-34,,511,-32,,505,-32,,508,-33,,505,-31
507,-32,,507,-36,,516,-31,,504,-35,,504,-36,,496,-38,,498,-36,,501,-35,,508,-32,,511,-37,,498,-38,,502,-34,,498,-38,,522,-37,,524,-34,,508,-34,,512,-32,,506,-31,,509,-33,,506,-31
508,-32,,508,-36,,517,-31,,505,-35,,505,-36,,497,-37,,499,-36,,502,-35,,509,-32,,512,-37,,499,-38,,503,-34,,499,-38,,523,-37,,525,-34,,509,-34,,513,-32,,507,-31,,510,-33,,507,-31
509,-32,,509,-36,,518,-31,,506,-35,,506,-36,,498,-37,,500,-36,,503,-35,,510,-32,,513,-37,,500,-37,,504,-34,,500,-38,,524,-36,,526,-34,,510,-34,,514,-32,,508,-31,,511,-33,,508,-31
510,-32,,510,-36,,519,-31,,507,-35,,507,-36,,499,-37,,501,-36,,504,-35,,511,-32,,514,-37,,501,-37,,505,-34,,501,-38,,525,-37,,527,-34,,511,-34,,515,-32,,509,-31,,512,-33,,509,-30
511,-32,,511,-36,,520,-31,,508,-34,,508,-36,,500,-37,,502,-36,,505,-35,,512,-32,,515,-37,,502,-37,,506,-34,,502,-38,,526,-37,,528,-34,,512,-34,,516,-32,,510,-32,,513,-33,,510,-30
512,-32,,512,-36,,521,-31,,509,-34,,509,-36,,501,-37,,503,-36,,506,-35,,513,-32,,516,-37,,503,-37,,507,-34,,503,-38,,527,-37,,529,-34,,513,-34,,517,-32,,511,-32,,514,-33,,511,-30
513,-32,,513,-36,,522,-31,,510,-34,,510,-36,,502,-36,,504,-36,,507,-35,,514,-32,,517,-37,,504,-37,,508,-34,,504,-38,,528,-37,,530,-34,,514,-34,,518,-32,,512,-31,,515,-33,,512,-30
514,-32,,514,-36,,523,-31,,511,-34,,511,-36,,503,-36,,505,-36,,508,-35,,515,-32,,518,-37,,505,-37,,509,-34,,505,-37,,529,-37,,531,-34,,515,-35,,519,-32,,513,-31,,516,-33,,513,-30
515,-33,,515,-36,,524,-31,,512,-34,,512,-37,,504,-36,,506,-36,,509,-35,,516,-32,,519,-37,,506,-37,,510,-34,,506,-37,,530,-37,,532,-35,,516,-35,,520,-32,,514,-31,,517,-33,,514,-30
516,-34,,516,-36,,525,-32,,513,-34,,513,-37,,505,-37,,507,-36,,510,-35,,517,-32,,520,-38,,507,-37,,511,-34,,507,-37,,531,-37,,533,-35,,517,-36,,521,-33,,515,-32,,518,-33,,515,-31
517,-36,,517,-37,,526,-36,,514,-38,,514,-38,,506,-40,,508,-39,,511,-38,,518,-35,,521,-38,,508,-39,,512,-38,,508,-41,,532,-39,,534,-37,,518,-39,,522,-35,,516,-34,,519,-36,,516,-33
518,-39,,518,-40,,527,-39,,515,-42,,515,-41,,507,-44,,509,-42,,512,-41,,519,-38,,522,-41,,509,-43,,513,-42,,509,-45,,533,-43,,535,-40,,519,-43,,523,-39,,517,-37,,520,-40,,517,-36
519,-43,,519,-44,,528,-42,,516,-45,,516,-45,,508,-47,,510,-46,,513,-45,,520,-42,,523,-44,,510,-47,,514,-45,,510,-48,,534,-46,,536,-44,,520,-46,,524,-42,,518,-40,,521,-44,,518,-40
520,-47,,520,-47,,529,-45,,517,-47,,517,-48,,509,-49,,511,-50,,514,-49,,521,-45,,524,-47,,511,-50,,515,-48,,511,-51,,535,-49,,537,-46,,521,-49,,525,-45,,519,-44,,522,-47,,519,-44
521,-50,,521,-50,,530,-48,,518,-50,,518,-50,,510,-52,,512,-54,,515,-51,,522,-49,,525,-50,,512,-54,,516,-52,,512,-54,,536,-52,,538,-49,,522,-51,,526,-48,,520,-47,,523,-49,,520,-47
522,-52,,522,-53,,531,-51,,519,-53,,519,-53,,511,-55,,513,-56,,516,-54,,523,-51,,526,-53,,513,-56,,517,-54,,513,-56,,537,-54,,539,-52,,523,-53,,527,-51,,521,-50,,524,-51,,521,-49
523,-54,,523,-55,,532,-51,,520,-53,,520,-54,,512,-56,,514,-57,,517,-54,,524,-52,,527,-55,,514,-58,,518,-55,,514,-57,,538,-56,,540,-53,,524,-53,,528,-52,,522,-51,,525,-52,,522,-50
524,-53,,524,-55,,533,-51,,521,-53,,521,-55,,513,-55,,515,-56,,518,-54,,525,-52,,528,-56,,515,-57,,519,-55,,515,-56,,539,-55,,541,-53,,525,-53,,529,-51,,523,-51,,526,-51,,523,-49
525,-52,,525,-54,,534,-49,,522,-51,,522,-55,,514,-54,,516,-54,,519,-52,,526,-51,,529,-55,,516,-54,,520,-53,,516,-54,,540,-54,,542,-53,,526,-52,,530,-50,,524,-50,,527,-50,,524,-47
526,-50,,526,-52,,535,-46,,523,-49,,523,-53,,515,-53,,517,-51,,520,-50,,527,-49,,530,-54,,517,-53,,521,-52,,517,-52,,541,-53,,543,-51,,527,-50,,531,-50,,525,-48,,528,-48,,525,-45
527,-48,,527,-50,,536,-44,,524,-47,,524,-51,,516,-51,,518,-50,,521,-48,,528,-47,,531,-52,,518,-51,,522,-50,,518,-50,,542,-51,,544,-50,,528,-48,,532,-48,,526,-47,,529,-46,,526,-44
528,-46,,528,-49,,537,-43,,525,-45,,525,-50,,517,-49,,519,-47,,522,-46,,529,-45,,532,-50,,519,-50,,523,-49,,519,-48,,543,-49,,545,-48,,529,-47,,533,-46,,527,-44,,530,-44,,527,-42
529,-45,,529,-47,,538,-41,,526,-43,,526,-48,,518,-47,,520,-46,,523,-45,,530,-43,,533,-48,,520,-48,,524,-47,,520,-47,,544,-48,,546,-46,,530,-45,,534,-45,,528,-43,,531,-42,,528,-40
530,-43,,530,-45,,539,-39,,527,-42,,527,-46,,519,-46,,521,-44,,524,-43,,531,-41,,534,-47,,521,-46,,525,-46,,521,-45,,545,-46,,547,-45,,531,-44,,535,-43,,529,-41,,532,-40,,529,-38
531,-42,,531,-43,,540,-38,,528,-40,,528,-44,,520,-44,,522,-43,,525,-41,,532,-39,,535,-45,,522,-45,,526,-45,,522,-44,,546,-45,,548,-43,,532,-43,,536,-42,,530,-40,,533,-39,,530,-37
532,-41,,532,-42,,541,-36,,529,-39,,529,-43,,521,-43,,523,-42,,526,-40,,533,-38,,536,-44,,523,-43,,527,-43,,523,-42,,547,-43,,549,-42,,533,-41,,537,-41,,531,-39,,534,-38,,531,-35
533,-40,,533,-41,,542,-35,,530,-37,,530,-41,,522,-41,,524,-40,,527,-39,,534,-37,,537,-42,,524,-42,,528,-42,,524,-41,,548,-42,,550,-41,,534,-40,,538,-40,,532,-37,,535,-37,,532,-34
534,-39,,534,-40,,543,-34,,531,-36,,531,-40,,523,-40,,525,-39,,528,-38,,535,-35,,538,-41,,525,-41,,529,-41,,525,-40,,549,-41,,551,-40,,535,-39,,539,-39,,533,-37,,536,-36,,533,-33
535,-38,,535,-39,,544,-33,,532,-35,,532,-39,,524,-40,,526,-38,,529,-37,,536,-34,,539,-40,,526,-39,,530,-40,,526,-39,,550,-40,,552,-39,,536,-39,,540,-38,,534,-36,,537,-35,,534,-32
536,-37,,536,-38,,545,-32,,533,-35,,533,-38,,525,-39,,527,-38,,530,-36,,537,-33,,540,-39,,527,-39,,531,-40,,527,-38,,551,-39,,553,-38,,537,-38,,541,-37,,535,-35,,538,-34,,535,-31
537,-37,,537,-37,,546,-32,,534,-34,,534,-37,,526,-38,,528,-37,,531,-36,,538,-33,,541,-38,,528,-38,,532,-39,,528,-38,,552,-39,,554,-38,,538,-37,,542,-37,,536,-34,,539,-33,,536,-30
538,-36,,538,-37,,547,-31,,535,-33,,535,-37,,527,-37,,529,-36,,532,-35,,539,-32,,542,-38,,529,-37,,533,-39,,529,-37,,553,-38,,555,-37,,539,-37,,543,-36,,537,-34,,540,-33,,537,-29
539,-36,,539,-36,,548,-31,,536,-33,,536,-36,,528,-37,,530,-36,,533,-35,,540,-31,,543,-37,,530,-36,,534,-38,,530,-37,,554,-38,,556,-37,,540,-36,,544,-36,,538,-33,,541,-32,,538,-29
540,-36,,540,-36,,549,-30,,537,-32,,537,-35,,529,-36,,531,-35,,534,-34,,541,-30,,544,-37,,531,-36,,535,-38,,531,-36,,555,-37,,557,-36,,541,-36,,545,-35,,539,-33,,542,-32,,539,-28
541,-36,,541,-36,,550,-30,,538,-32,,538,-35,,530,-36,,532,-35,,535,-34,,542,-30,,545,-36,,532,-35,,536,-37,,532,-36,,556,-37,,558,-36,,542,-36,,546,-35,,540,-32,,543,-31,,540,-28
542,-35,,542,-35,,551,-30,,539,-31,,539,-34,,531,-36,,533,-34,,536,-33,,543,-29,,546,-36,,533,-35,,537,-37,,533,-36,,557,-37,,559,-36,,543,-35,,547,-35,,541,-32,,544,-31,,541,-27
543,-35,,543,-35,,552,-29,,540,-31,,540,-34,,532,-35,,534,-34,,537,-33,,544,-29,,547,-36,,534,-35,,538,-37,,534,-36,,558,-37,,560,-36,,544,-35,,548,-35,,542,-32,,545,-31,,542,-27
544,-35,,544,-35,,553,-30,,541,-31,,541,-34,,533,-35,,535,-34,,538,-33,,545,-29,,548,-36,,535,-35,,539,-37,,535,-36,,559,-37,,561,-36,,545,-35,,549,-35,,543,-32,,546,-31,,543,-27
545,-35,,545,-35,,554,-30,,542,-31,,542,-34,,534,-36,,536,-34,,539,-33,,546,-29,,549,-36,,536,-35,,540,-37,,536,-36,,560,-36,,562,-36,,546,-35,,550,-35,,544,-32,,547,-31,,544,-27
546,-36,,546,-35,,555,-30,,543,-31,,543,-34,,535,-36,,537,-34,,540,-33,,547,-29,,550,-36,,537,-35,,541,-37,,537,-36,,561,-37,,563,-36,,547,-35,,551,-35,,545,-32,,548,-31,,545,-27
547,-36,,547,-36,,556,-30,,544,-32,,544,-34,,536,-36,,538,-34,,541,-34,,548,-29,,551,-36,,538,-35,,542,-37,,538,-36,,562,-37,,564,-36,,548,-36,,552,-35,,546,-32,,549,-31,,546,-27
548,-36,,548,-36,,557,-30,,545,-32,,545,-35,,537,-36,,539,-34,,542,-34,,549,-29,,552,-36,,539,-35,,543,-38,,539,-37,,563,-37,,565,-36,,549,-36,,553,-35,,547,-33,,550,-32,,547,-27
549,-36,,549,-36,,558,-31,,546,-32,,546,-35,,538,-37,,540,-35,,543,-34,,550,-30,,553,-36,,540,-35,,544,-38,,540,-37,,564,-38,,566,-37,,550,-36,,554,-35,,548,-33,,551,-32,,548,-28
550,-37,,550,-37,,559,-31,,547,-33,,547,-36,,539,-38,,541,-35,,544,-35,,551,-30,,554,-37,,541,-36,,545,-39,,541,-37,,565,-38,,567,-37,,551,-37,,555,-36,,549,-34,,552,-33,,549,-28
551,-37,,551,-37,,560,-32,,548,-34,,548,-36,,540,-38,,542,-36,,545,-35,,552,-31,,555,-38,,542,-36,,546,-39,,542,-38,,566,-39,,568,-38,,552,-37,,556,-36,,550,-34,,553,-33,,550,-29
552,-38,,552,-38,,561,-33,,549,-34,,549,-37,,541,-39,,543,-36,,546,-36,,553,-32,,556,-38,,543,-37,,547,-40,,543,-39,,567,-39,,569,-38,,553,-38,,557,-37,,551,-35,,554,-34,,551,-30
553,-38,,553,-39,,562,-33,,550,-35,,550,-38,,542,-40,,544,-37,,547,-37,,554,-32,,557,-39,,544,-38,,548,-40,,544,-40,,568,-40,,570,-39,,554,-39,,558,-38,,552,-36,,555,-35,,552,-30
554,-39,,554,-40,,563,-34,,551,-36,,551,-39,,543,-41,,545,-38,,548,-38,,555,-33,,558,-40,,545,-39,,549,-41,,545,-40,,569,-41,,571,-40,,555,-39,,559,-39,,553,-36,,556,-35,,553,-31
555,-40,,555,-41,,564,-35,,552,-37,,552,-40,,544,-42,,546,-39,,549,-38,,556,-34,,559,-41,,546,-40,,550,-42,,546,-41,,570,-42,,572,-41,,556,-40,,560,-39,,554,-37,,557,-36,,554,-32
556,-41,,556,-42,,565,-36,,553,-38,,553,-41,,545,-43,,547,-40,,550,-39,,557,-36,,560,-42,,547,-41,,551,-43,,547,-42,,571,-43,,573,-41,,557,-41,,561,-40,,555,-38,,558,-37,,555,-33
557,-42,,557,-43,,566,-38,,554,-40,,554,-42,,546,-45,,548,-41,,551,-41,,558,-37,,561,-43,,548,-42,,552,-44,,548,-44,,572,-44,,574,-42,,558,-42,,562,-41,,556,-39,,559,-38,,556,-35
558,-43,,558,-44,,567,-39,,555,-41,,555,-44,,547,-46,,549,-42,,552,-42,,559,-38,,562,-44,,549,-43,,553,-45,,549,-45,,573,-45,,575,-44,,559,-44,,563,-43,,557,-40,,560,-39,,557,-36
559,-44,,559,-45,,568,-40,,556,-43,,556,-45,,548,-48,,550,-44,,553,-43,,560,-39,,563,-45,,550,-45,,554,-46,,550,-46,,574,-46,,576,-45,,560,-45,,564,-44,,558,-41,,561,-41,,558,-38
560,-45,,560,-47,,569,-42,,557,-44,,557,-47,,549,-49,,551,-45,,554,-45,,561,-41,,564,-47,,551,-46,,555,-47,,551,-48,,575,-47,,577,-46,,561,-46,,565,-45,,559,-42,,562,-42,,559,-39
561,-46,,561,-48,,570,-43,,558,-46,,558,-48,,550,-51,,552,-47,,555,-46,,562,-43,,565,-48,,552,-48,,556,-48,,552,-49,,576,-49,,578,-47,,562,-48,,566,-47,,560,-44,,563,-43,,560,-41
562,-48,,562,-50,,571,-45,,559,-48,,559,-50,,551,-53,,553,-49,,556,-48,,563,-45,,566,-50,,553,-50,,557,-50,,553,-51,,577,-50,,579,-49,,563,-49,,567,-48,,561,-45,,564,-45,,561,-43
563,-49,,563,-52,,572,-47,,560,-50,,560,-52,,552,-54,,554,-51,,557,-50,,564,-47,,567,-52,,554,-51,,558,-51,,554,-53,,578,-52,,580,-50,,564,-51,,568,-49,,562,-47,,565,-47,,562,-45
564,-51,,564,-53,,573,-48,,561,-52,,561,-54,,553,-56,,555,-53,,558,-51,,565,-49,,568,-53,,555,-53,,559,-53,,555,-55,,579,-53,,581,-51,,565,-52,,569,-51,,563,-49,,566,-48,,563,-47
565,-52,,565,-55,,574,-50,,562,-54,,562,-56,,554,-57,,556,-55,,559,-53,,566,-51,,569,-55,,556,-55,,560,-54,,556,-57,,580,-55,,582,-53,,566,-54,,570,-52,,564,-50,,567,-50,,564,-49
566,-53,,566,-56,,575,-52,,563,-55,,563,-58,,555,-58,,557,-57,,560,-55,,567,-53,,570,-56,,557,-57,,561,-56,,557,-59,,581,-56,,583,-54,,567,-55,,571,-54,,565,-52,,568,-52,,565,-51
567,-55,,567,-57,,576,-54,,564,-57,,564,-59,,556,-59,,558,-59,,561,-57,,568,-55,,571,-58,,558,-59,,562,-57,,558,-60,,582,-57,,584,-54,,568,-56,,572,-55,,566,-53,,569,-54,,566,-52
568,-55,,568,-58,,577,-54,,565,-58,,565,-60,,557,-59,,559,-60,,562,-59,,569,-56,,572,-59,,559,-60,,563,-57,,559,-61,,583,-58,,585,-55,,569,-57,,573,-55,,567,-54,,570,-56,,567,-52
569,-55,,569,-58,,578,-55,,566,-58,,566,-60,,558,-58,,560,-61,,563,-60,,570,-57,,573,-59,,560,-60,,564,-57,,560,-62,,584,-58,,586,-55,,570,-56,,574,-55,,568,-55,,571,-57,,568,-52
570,-55,,570,-57,,579,-54,,567,-57,,567,-59,,559,-57,,561,-61,,564,-60,,571,-57,,574,-59,,561,-60,,565,-57,,561,-61,,585,-57,,587,-54,,571,-56,,575,-54,,569,-54,,572,-57,,569,-51
571,-54,,571,-56,,580,-53,,568,-56,,568,-58,,560,-55,,562,-60,,565,-59,,572,-56,,575,-58,,562,-59,,566,-56,,562,-60,,586,-56,,588,-53,,572,-54,,576,-53,,570,-53,,573,-56,,570,-50
572,-53,,572,-55,,581,-52,,569,-54,,569,-56,,561,-54,,563,-58,,566,-58,,573,-55,,576,-57,,563,-58,,567,-54,,563,-59,,587,-55,,589,-52,,573,-53,,577,-52,,571,-52,,574,-55,,571,-48
573,-51,,573,-53,,582,-50,,570,-52,,570,-54,,562,-52,,564,-56,,567,-56,,574,-53,,577,-55,,564,-56,,568,-53,,564,-57,,588,-54,,590,-51,,574,-51,,578,-50,,572,-50,,575,-53,,572,-46
574,-49,,574,-52,,583,-48,,571,-50,,571,-53,,563,-50,,565,-54,,568,-54,,575,-51,,578,-53,,565,-54,,569,-51,,565,-55,,589,-52,,591,-49,,575,-50,,579,-49,,573,-48,,576,-51,,573,-44
575,-47,,575,-50,,584,-46,,572,-48,,572,-51,,564,-49,,566,-52,,569,-52,,576,-48,,579,-52,,566,-52,,570,-50,,566,-53,,590,-50,,592,-48,,576,-48,,580,-47,,574,-46,,577,-49,,574,-43
576,-46,,576,-48,,585,-44,,573,-47,,573,-49,,565,-47,,567,-50,,570,-50,,577,-47,,580,-50,,567,-50,,571,-48,,567,-51,,591,-49,,593,-46,,577,-46,,581,-46,,575,-44,,578,-47,,575,-41
577,-44,,577,-47,,586,-42,,574,-45,,574,-47,,566,-46,,568,-48,,571,-48,,578,-45,,581,-48,,568,-49,,572,-47,,568,-49,,592,-47,,594,-45,,578,-45,,582,-44,,576,-43,,579,-45,,576,-40
578,-43,,578,-45,,587,-41,,575,-43,,575,-46,,567,-45,,569,-47,,572,-46,,579,-43,,582,-47,,569,-47,,573,-45,,569,-48,,593,-46,,595,-44,,579,-44,,583,-43,,577,-41,,580,-43,,577,-38
579,-41,,579,-44,,588,-39,,576,-42,,576,-44,,568,-44,,570,-45,,573,-45,,580,-41,,583,-46,,570,-46,,574,-44,,570,-46,,594,-45,,596,-43,,580,-42,,584,-42,,578,-40,,581,-41,,578,-37
580,-40,,580,-43,,589,-38,,577,-41,,577,-43,,569,-43,,571,-44,,574,-43,,581,-40,,584,-44,,571,-44,,575,-43,,571,-45,,595,-43,,597,-42,,581,-42,,585,-41,,579,-39,,582,-40,,579,-36
581,-39,,581,-42,,590,-37,,578,-40,,578,-42,,570,-42,,572,-42,,575,-42,,582,-39,,585,-43,,572,-43,,576,-42,,572,-44,,596,-43,,598,-41,,582,-41,,586,-40,,580,-38,,583,-39,,580,-35
582,-38,,582,-42,,591,-36,,579,-39,,579,-42,,571,-42,,573,-41,,576,-41,,583,-38,,586,-42,,573,-43,,577,-41,,573,-43,,597,-42,,599,-41,,583,-40,,587,-40,,581,-37,,584,-38,,581,-35
583,-38,,583,-41,,592,-36,,580,-38,,580,-41,,572,-41,,574,-41,,577,-40,,584,-37,,587,-42,,574,-42,,578,-41,,574,-42,,598,-41,,600,-40,,584,-40,,588,-39,,582,-36,,585,-37,,582,-34
584,-37,,584,-41,,593,-35,,581,-38,,581,-41,,573,-41,,575,-40,,578,-39,,585,-36,,588,-41,,575,-41,,579,-41,,575,-42,,599,-41,,601,-40,,585,-39,,589,-39,,583,-36,,586,-36,,583,-34
585,-37,,585,-41,,594,-35,,582,-38,,582,-40,,574,-41,,576,-40,,579,-39,,586,-36,,589,-41,,576,-41,,580,-41,,576,-42,,600,-41,,602,-40,,586,-39,,590,-39,,584,-36,,587,-36,,584,-34
586,-37,,586,-41,,595,-35,,583,-38,,583,-40,,575,-41,,577,-40,,580,-39,,587,-36,,590,-41,,577,-41,,581,-41,,577,-42,,601,-41,,603,-40,,587,-40,,591,-39,,585,-36,,588,-36,,585,-34
587,-38,,587,-41,,596,-35,,584,-38,,584,-40,,576,-42,,578,-40,,581,-39,,588,-36,,591,-41,,578,-41,,582,-41,,578,-42,,602,-41,,604,-40,,588,-40,,592,-39,,586,-36,,589,-36,,586,-34
588,-38,,588,-41,,597,-35,,585,-38,,585,-41,,577,-42,,579,-40,,582,-39,,589,-36,,592,-41,,579,-42,,583,-41,,579,-42,,603,-42,,605,-41,,589,-40,,593,-39,,587,-36,,590,-36,,587,-35
589,-38,,589,-42,,598,-36,,586,-39,,586,-41,,578,-42,,580,-40,,583,-39,,590,-37,,593,-42,,580,-42,,584,-41,,580,-42,,604,-42,,606,-41,,590,-41,,594,-40,,588,-36,,591,-36,,588,-35
590,-39,,590,-42,,599,-37,,587,-39,,587,-42,,579,-43,,581,-41,,584,-39,,591,-37,,594,-42,,581,-42,,585,-42,,581,-43,,605,-42,,607,-41,,591,-41,,595,-40,,589,-37,,592,-37,,589,-36
591,-39,,591,-43,,600,-37,,588,-40,,588,-42,,580,-44,,582,-41,,585,-40,,592,-38,,595,-43,,582,-43,,586,-42,,582,-43,,606,-43,,608,-42,,592,-42,,596,-41,,590,-38,,593,-37,,590,-36
592,-40,,592,-43,,601,-38,,589,-41,,589,-43,,581,-44,,583,-42,,586,-41,,593,-39,,596,-43,,583,-44,,587,-43,,583,-44,,607,-43,,609,-42,,593,-42,,597,-41,,591,-38,,594,-38,,591,-37
593,-41,,593,-44,,602,-39,,590,-41,,590,-44,,582,-45,,584,-43,,587,-42,,594,-39,,597,-44,,584,-45,,588,-43,,584,-45,,608,-44,,610,-42,,594,-43,,598,-41,,592,-39,,595,-39,,592,-38
594,-41,,594,-44,,603,-39,,591,-42,,591,-44,,583,-45,,585,-44,,588,-43,,595,-40,,598,-44,,585,-45,,589,-44,,585,-46,,609,-44,,611,-42,,595,-43,,599,-42,,593,-39,,596,-40,,593,-38
595,-41,,595,-45,,604,-40,,592,-43,,592,-45,,584,-46,,586,-45,,589,-43,,596,-41,,599,-45,,586,-46,,590,-44,,586,-46,,610,-45,,612,-43,,596,-43,,600,-42,,594,-40,,597,-41,,594,-39
596,-42,,596,-45,,605,-40,,593,-43,,593,-46,,585,-46,,587,-46,,590,-44,,597,-42,,600,-45,,587,-46,,591,-44,,587,-47,,611,-45,,613,-43,,597,-44,,601,-42,,595,-40,,598,-41,,595,-39
597,-42,,597,-45,,606,-41,,594,-44,,594,-46,,586,-46,,588,-46,,591,-45,,598,-43,,601,-45,,588,-47,,592,-44,,588,-47,,612,-45,,614,-43,,598,-44,,602,-42,,596,-41,,599,-42,,596,-40
598,-42,,598,-45,,607,-41,,595,-44,,595,-46,,587,-46,,589,-47,,592,-45,,599,-43,,602,-45,,589,-47,,593,-44,,589,-47,,613,-45,,615,-43,,599,-44,,603,-42,,597,-41,,600,-43,,597,-40
599,-41,,599,-45,,608,-40,,596,-44,,596,-46,,588,-46,,590,-47,,593,-45,,600,-43,,603,-45,,590,-47,,594,-44,,590,-47,,614,-45,,616,-43,,600,-44,,604,-42,,598,-41,,601,-43,,598,-40
600,-41,,600,-45,,609,-40,,597,-44,,597,-46,,589,-46,,591,-47,,594,-45,,601,-43,,604,-45,,591,-47,,595,-44,,591,-47,,615,-45,,617,-43,,601,-44,,605,-42,,599,-41,,602,-43,,599,-40
601,-41,,601,-45,,610,-40,,598,-44,,598,-46,,590,-46,,592,-47,,595,-45,,602,-43,,605,-45,,592,-47,,596,-44,,592,-47,,616,-45,,618,-43,,602,-44,,606,-42,,600,-41,,603,-43,,600,-40
602,-41,,602,-45,,611,-40,,599,-44,,599,-46,,591,-46,,593,-47,,596,-45,,603,-43,,606,-45,,593,-47,,597,-44,,593,-47,,617,-45,,619,-43,,603,-44,,607,-42,,601,-41,,604,-43,,601,-40
603,-41,,603,-45,,612,-40,,600,-43,,600,-46,,592,-45,,594,-47,,597,-45,,604,-43,,607,-45,,594,-47,,598,-44,,594,-47,,618,-45,,620,-43,,604,-44,,608,-42,,602,-40,,605,-43,,602,-39
604,-42,,604,-45,,613,-40,,601,-43,,601,-46,,593,-45,,595,-47,,598,-45,,605,-43,,608,-45,,595,-46,,599,-44,,595,-47,,619,-45,,621,-43,,605,-44,,609,-42,,603,-40,,606,-43,,603,-39
605,-41,,605,-45,,614,-40,,602,-43,,602,-46,,594,-45,,596,-46,,599,-45,,606,-42,,609,-45,,596,-46,,600,-44,,596,-47,,620,-45,,622,-43,,606,-44,,610,-42,,604,-41,,607,-42,,604,-39
606,-42,,606,-45,,615,-40,,603,-43,,603,-46,,595,-46,,597,-46,,600,-45,,607,-42,,610,-45,,597,-46,,601,-44,,597,-47,,621,-45,,623,-43,,607,-43,,611,-42,,605,-40,,608,-42,,605,-39
607,-42,,607,-45,,616,-40,,604,-43,,604,-46,,596,-46,,598,-46,,601,-45,,608,-42,,611,-45,,598,-46,,602,-44,,598,-47,,622,-45,,624,-43,,608,-44,,612,-42,,606,-41,,609,-42,,606,-39
608,-42,,608,-45,,617,-40,,605,-43,,605,-46,,597,-46,,599,-46,,602,-45,,609,-42,,612,-45,,599,-46,,603,-44,,599,-47,,623,-45,,625,-43,,609,-44,,613,-42,,607,-41,,610,-42,,607,-39
609,-42,,609,-45,,618,-40,,606,-43,,606,-46,,598,-46,,600,-46,,603,-45,,610,-42,,613,-45,,600,-46,,604,-44,,600,-47,,624,-45,,626,-43,,610,-44,,614,-42,,608,-41,,611,-42,,608,-39
610,-42,,610,-45,,619,-40,,607,-43,,607,-46,,599,-46,,601,-46,,604,-45,,611,-42,,614,-45,,601,-47,,605,-44,,601,-47,,625,-45,,627,-43,,611,-44,,615,-42,,609,-41,,612,-43,,609,-39
611,-42,,611,-45,,620,-40,,608,-43,,608,-46,,600,-46,,602,-46,,605,-45,,612,-42,,615,-45,,602,-47,,606,-45,,602,-47,,626,-45,,628,-43,,612,-44,,616,-42,,610,-41,,613,-43,,610,-39
612,-42,,612,-45,,621,-40,,609,-43,,609,-46,,601,-46,,603,-46,,606,-45,,613,-42,,616,-45,,603,-47,,607,-45,,603,-47,,627,-45,,629,-43,,613,-44,,617,-43,,611,-41,,614,-43,,611,-39
613,-43,,613,-45,,622,-41,,610,-44,,610,-46,,602,-46,,604,-46,,607,-45,,614,-43,,617,-46,,604,-47,,608,-45,,604,-47,,628,-45,,630,-44,,614,-44,,618,-43,,612,-41,,615,-43,,612,-39
614,-43,,614,-45,,623,-41,,611,-44,,611,-46,,603,-46,,605,-47,,608,-45,,615,-43,,618,-46,,605,-47,,609,-45,,605,-48,,629,-46,,631,-44,,615,-44,,619,-43,,613,-41,,616,-43,,613,-39
615,-43,,615,-46,,624,-41,,612,-44,,612,-46,,604,-46,,606,-47,,609,-45,,616,-43,,619,-46,,606,-47,,610,-46,,606,-48,,630,-46,,632,-44,,616,-45,,620,-43,,614,-41,,617,-43,,614,-39
616,-44,,616,-46,,625,-41,,613,-44,,613,-46,,605,-46,,607,-47,,610,-45,,617,-43,,620,-46,,607,-47,,611,-46,,607,-48,,631,-46,,633,-45,,617,-45,,621,-43,,615,-42,,618,-43,,615,-40
617,-44,,617,-46,,626,-41,,614,-44,,614,-47,,606,-47,,608,-47,,611,-46,,618,-43,,621,-46,,608,-47,,612,-46,,608,-48,,632,-46,,634,-45,,618,-45,,622,-44,,616,-42,,619,-43,,616,-40
618,-44,,618,-46,,627,-42,,615,-44,,615,-47,,607,-47,,609,-47,,612,-46,,619,-43,,622,-47,,609,-47,,613,-46,,609,-48,,633,-47,,635,-45,,619,-45,,623,-44,,617,-42,,620,-44,,617,-40
619,-45,,619,-46,,628,-42,,616,-45,,616,-47,,608,-47,,610,-47,,613,-46,,620,-43,,623,-47,,610,-48,,614,-47,,610,-49,,634,-47,,636,-46,,620,-46,,624,-44,,618,-43,,621,-44,,618,-40
620,-45,,620,-47,,629,-42,,617,-45,,617,-47,,609,-47,,611,-48,,614,-46,,621,-43,,624,-47,,611,-48,,615,-47,,611,-49,,635,-47,,637,-46,,621,-46,,625,-45,,619,-43,,622,-44,,619,-40
621,-46,,621,-47,,630,-43,,618,-45,,618,-47,,610,-47,,612,-48,,615,-47,,622,-44,,625,-47,,612,-48,,616,-47,,612,-49,,636,-48,,638,-46,,622,-46,,626,-45,,620,-43,,623,-44,,620,-40
622,-46,,622,-47,,631,-43,,619,-45,,619,-47,,611,-48,,613,-48,,616,-47,,623,-44,,626,-48,,613,-48,,617,-48,,613,-49,,637,-48,,639,-47,,623,-47,,627,-45,,621,-43,,624,-44,,621,-40
623,-46,,623,-47,,632,-43,,620,-46,,620,-48,,612,-48,,614,-48,,617,-47,,624,-44,,627,-48,,614,-49,,618,-48,,614,-50,,638,-48,,640,-47,,624,-47,,628,-45,,622,-44,,625,-45,,622,-40
624,-47,,624,-48,,633,-43,,621,-46,,621,-48,,613,-48,,615,-49,,618,-47,,625,-44,,628,-48,,615,-49,,619,-48,,615,-50,,639,-48,,641,-47,,625,-47,,629,-46,,623,-44,,626,-45,,623,-41
625,-47,,625,-48,,634,-44,,622,-46,,622,-48,,614,-48,,616,-49,,619,-48,,626,-44,,629,-49,,616,-49,,620,-48,,616,-50,,640,-49,,642,-47,,626,-48,,630,-46,,624,-44,,627,-45,,624,-41
626,-47,,626,-48,,635,-44,,623,-46,,623,-48,,615,-49,,617,-49,,620,-48,,627,-45,,630,-49,,617,-49,,621,-49,,617,-50,,641,-49,,643,-47,,627,-48,,631,-46,,625,-44,,628,-45,,625,-41
627,-47,,627,-48,,636,-44,,624,-46,,624,-48,,616,-49,,618,-49,,621,-48,,628,-45,,631,-49,,618,-50,,622,-49,,618,-51,,642,-49,,644,-48,,628,-48,,632,-47,,626,-45,,629,-45,,626,-41
628,-48,,628,-48,,637,-44,,625,-47,,625,-49,,617,-49,,619,-49,,622,-49,,629,-45,,632,-49,,619,-50,,623,-49,,619,-51,,643,-49,,645,-48,,629,-48,,633,-47,,627,-45,,630,-46,,627,-41
629,-48,,629,-48,,638,-45,,626,-47,,626,-49,,618,-49,,620,-49,,623,-49,,630,-45,,633,-50,,620,-50,,624,-49,,620,-51,,644,-50,,646,-48,,630,-48,,634,-47,,628,-45,,631,-46,,628,-41
630,-48,,630,-49,,639,-45,,627,-47,,627,-49,,619,-49,,621,-50,,624,-49,,631,-45,,634,-50,,621,-50,,625,-49,,621,-51,,645,-50,,647,-48,,631,-48,,635,-47,,629,-45,,632,-46,,629,-41
631,-48,,631,-49,,640,-45,,628,-47,,628,-49,,620,-49,,622,-50,,625,-49,,632,-45,,635,-50,,622,-50,,626,-49,,622,-51,,646,-50,,648,-48,,632,-49,,636,-47,,630,-45,,633,-46,,630,-41
632,-48,,632,-49,,641,-45,,629,-47,,629,-49,,621,-49,,623,-50,,626,-49,,633,-46,,636,-50,,623,-50,,627,-49,,623,-51,,647,-50,,649,-48,,633,-49,,637,-47,,631,-45,,634,-46,,631,-42
633,-48,,633,-49,,642,-45,,630,-47,,630,-49,,622,-49,,624,-50,,627,-49,,634,-46,,637,-50,,624,-50,,628,-49,,624,-52,,648,-50,,650,-48,,634,-49,,638,-47,,632,-45,,635,-46,,632,-42
634,-48,,634,-49,,643,-45,,631,-47,,631,-49,,623,-49,,625,-50,,628,-49,,635,-46,,638,-50,,625,-50,,629,-49,,625,-52,,649,-50,,651,-48,,635,-49,,639,-47,,633,-45,,636,-46,,633,-42
635,-48,,635,-49,,644,-45,,632,-47,,632,-49,,624,-49,,626,-50,,629,-49,,636,-46,,639,-50,,626,-50,,630,-49,,626,-52,,650,-50,,652,-48,,636,-49,,640,-47,,634,-45,,637,-47,,634,-42
636,-48,,636,-49,,645,-45,,633,-47,,633,-49,,625,-50,,627,-50,,630,-49,,637,-46,,640,-50,,627,-50,,631,-49,,627,-52,,651,-50,,653,-48,,637,-49,,641,-47,,635,-45,,638,-46,,635,-42
637,-48,,637,-49,,646,-45,,634,-47,,634,-50,,626,-50,,628,-50,,631,-49,,638,-46,,641,-50,,628,-50,,632,-49,,628,-52,,652,-50,,654,-48,,638,-49,,642,-47,,636,-45,,639,-47,,636,-42
638,-48,,638,-49,,647,-45,,635,-47,,635,-50,,627,-50,,629,-50,,632,-49,,639,-46,,642,-50,,629,-50,,633,-49,,629,-52,,653,-50,,655,-48,,639,-49,,643,-47,,637,-45,,640,-47,,637,-42
639,-48,,639,-49,,648,-45,,636,-47,,636,-50,,628,-50,,630,-50,,633,-49,,640,-46,,643,-50,,630,-50,,634,-49,,630,-52,,654,-50,,656,-48,,640,-49,,644,-47,,638,-45,,641,-47,,638,-42
640,-48,,640,-49,,649,-45,,637,-47,,637,-50,,629,-50,,631,-50,,634,-49,,641,-46,,644,-50,,631,-50,,635,-49,,631,-52,,655,-50,,657,-48,,641,-49,,645,-47,,639,-45,,642,-47,,639,-42
641,-48,,641,-49,,650,-45,,638,-47,,638,-50,,630,-50,,632,-50,,635,-49,,642,-46,,645,-50,,632,-50,,636,-49,,632,-52,,656,-50,,658,-48,,642,-49,,646,-47,,640,-45,,643,-47,,640,-42
642,-48,,642,-49,,651,-45,,639,-47,,639,-50,,631,-50,,633,-50,,636,-49,,643,-46,,646,-50,,633,-50,,637,-49,,633,-52,,657,-50,,659,-48,,643,-49,,647,-47,,641,-45,,644,-47,,641,-42
643,-48,,643,-49,,652,-45,,640,-47,,640,-50,,632,-50,,634,-50,,637,-49,,644,-46,,647,-50,,634,-50,,638,-49,,634,-52,,658,-50,,660,-48,,644,-49,,648,-47,,642,-45,,645,-47,,642,-42
644,-48,,644,-49,,653,-45,,641,-47,,641,-50,,633,-50,,635,-50,,638,-49,,645,-46,,648,-50,,635,-50,,639,-49,,635,-52,,659,-50,,661,-48,,645,-49,,649,-47,,643,-45,,646,-47,,643,-42
645,-48,,645,-49,,654,-45,,642,-47,,642,-50,,634,-50,,636,-50,,639,-49,,646,-46,,649,-50,,636,-50,,640,-49,,636,-52,,660,-50,,662,-48,,646,-49,,650,-47,,644,-45,,647,-47,,644,-42
646,-48,,646,-49,,655,-45,,643,-47,,643,-50,,635,-50,,637,-50,,640,-49,,647,-46,,650,-50,,637,-50,,641,-49,,637,-52,,661,-50,,663,-48,,647,-49,,651,-47,,645,-45,,648,-47,,645,-42
647,-48,,647,-49,,656,-45,,644,-47,,644,-50,,636,-50,,638,-50,,641,-49,,648,-46,,651,-50,,638,-50,,642,-49,,638,-52,,662,-50,,664,-48,,648,-49,,652,-47,,646,-45,,649,-47,,646,-42
648,-48,,648,-49,,657,-45,,645,-47,,645,-50,,637,-50,,639,-50,,642,-49,,649,-46,,652,-50,,639,-50,,643,-49,,639,-52,,663,-50,,665,-48,,649,-49,,653,-47,,647,-45,,650,-47,,647,-42
649,-48,,649,-49,,658,-45,,646,-47,,646,-50,,638,-50,,640,-50,,643,-49,,650,-46,,653,-50,,640,-50,,644,-49,,640,-52,,664,-50,,666,-48,,650,-49,,654,-47,,648,-45,,651,-47,,648,-42
650,-48,,650,-49,,659,-45,,647,-47,,647,-50,,639,-50,,641,-50,,644,-49,,651,-46,,654,-50,,641,-50,,645,-49,,641,-52,,665,-50,,667,-48,,651,-49,,655,-47,,649,-45,,652,-47,,649,-42
651,-48,,651,-49,,660,-45,,648,-47,,648,-50,,640,-50,,642,-50,,645,-49,,652,-46,,655,-50,,642,-50,,646,-49,,642,-52,,666,-50,,668,-48,,652,-49,,656,-47,,650,-45,,653,-47,,650,-42
652,-48,,652,-49,,661,-45,,649,-47,,649,-50,,641,-50,,643,-50,,646,-49,,653,-46,,656,-50,,643,-50,,647,-49,,643,-52,,667,-50,,669,-48,,653,-48,,657,-47,,651,-45,,654,-47,,651,-42
653,-48,,653,-49,,662,-45,,650,-47,,650,-50,,642,-50,,644,-50,,647,-49,,654,-46,,657,-50,,644,-50,,648,-49,,644,-52,,668,-50,,670,-48,,654,-48,,658,-47,,652,-45,,655,-47,,652,-42
654,-48,,654,-49,,663,-45,,651,-47,,651,-50,,643,-50,,645,-50,,648,-49,,655,-46,,658,-50,,645,-50,,649,-49,,645,-52,,669,-50,,671,-48,,655,-48,,659,-47,,653,-45,,656,-47,,653,-42
655,-48,,655,-49,,664,-45,,652,-47,,652,-50,,644,-50,,646,-50,,649,-49,,656,-46,,659,-50,,646,-50,,650,-49,,646,-52,,670,-50,,672,-48,,656,-48,,660,-47,,654,-45,,657,-47,,654,-42
656,-48,,656,-49,,665,-45,,653,-47,,653,-50,,645,-50,,647,-50,,650,-49,,657,-46,,660,-50,,647,-50,,651,-49,,647,-52,,671,-50,,673,-48,,657,-48,,661,-47,,655,-45,,658,-46,,655,-42
657,-48,,657,-49,,666,-45,,654,-47,,654,-49,,646,-49,,648,-50,,651,-49,,658,-46,,661,-50,,648,-50,,652,-49,,648,-52,,672,-50,,674,-48,,658,-48,,662,-47,,656,-45,,659,-47,,656,-42
658,-48,,658,-49,,667,-45,,655,-47,,655,-50,,647,-49,,649,-50,,652,-49,,659,-46,,662,-50,,649,-50,,653,-49,,649,-52,,673,-50,,675,-48,,659,-48,,663,-47,,657,-45,,660,-46,,657,-42
659,-48,,659,-49,,668,-45,,656,-47,,656,-49,,648,-49,,650,-50,,653,-49,,660,-46,,663,-50,,650,-50,,654,-49,,650,-52,,674,-50,,676,-48,,660,-48,,664,-47,,658,-45,,661,-46,,658,-42
660,-47,,660,-49,,669,-45,,657,-47,,657,-49,,649,-49,,651,-50,,654,-49,,661,-46,,664,-50,,651,-50,,655,-49,,651,-51,,675,-50,,677,-48,,661,-48,,665,-47,,659,-45,,662,-46,,659,-42
661,-47,,661,-49,,670,-45,,658,-47,,658,-49,,650,-49,,652,-50,,655,-49,,662,-46,,665,-50,,652,-50,,656,-49,,652,-51,,676,-50,,678,-48,,662,-48,,666,-47,,660,-45,,663,-46,,660,-42
662,-47,,662,-49,,671,-45,,659,-47,,659,-49,,651,-49,,653,-50,,656,-49,,663,-46,,666,-50,,653,-50,,657,-49,,653,-51,,677,-50,,679,-48,,663,-48,,667,-47,,661,-45,,664,-46,,661,-42
663,-47,,663,-49,,672,-45,,660,-47,,660,-49,,652,-49,,654,-50,,657,-49,,664,-46,,667,-50,,654,-50,,658,-49,,654,-51,,678,-49,,680,-47,,664,-48,,668,-47,,662,-45,,665,-46,,662,-42
664,-47,,664,-49,,673,-44,,661,-47,,661,-49,,653,-49,,655,-50,,658,-49,,665,-46,,668,-50,,655,-50,,659,-49,,655,-51,,679,-49,,681,-47,,665,-48,,669,-46,,663,-45,,666,-46,,663,-42
665,-46,,665,-48,,674,-44,,662,-47,,662,-49,,654,-49,,656,-50,,659,-49,,666,-45,,669,-49,,656,-50,,660,-49,,656,-51,,680,-49,,682,-47,,666,-47,,670,-46,,664,-44,,667,-46,,664,-42
666,-46,,666,-48,,675,-44,,663,-46,,663,-49,,655,-48,,657,-49,,660,-48,,667,-45,,670,-49,,657,-50,,661,-48,,657,-51,,681,-49,,683,-47,,667,-47,,671,-46,,665,-44,,668,-46,,665,-42
667,-46,,667,-48,,676,-44,,664,-46,,664,-48,,656,-48,,658,-49,,661,-48,,668,-45,,671,-49,,658,-50,,662,-48,,658,-50,,682,-49,,684,-47,,668,-47,,672,-46,,666,-44,,669,-45,,666,-41
668,-45,,668,-48,,677,-44,,665,-46,,665,-48,,657,-48,,659,-49,,662,-48,,669,-45,,672,-49,,659,-49,,663,-48,,659,-50,,683,-48,,685,-46,,669,-46,,673,-46,,667,-44,,670,-45,,667,-41
669,-45,,669,-48,,678,-43,,666,-46,,666,-48,,658,-48,,660,-49,,663,-48,,670,-45,,673,-49,,660,-49,,664,-48,,660,-50,,684,-48,,686,-46,,670,-46,,674,-45,,668,-43,,671,-45,,668,-41
670,-45,,670,-48,,679,-43,,667,-45,,667,-48,,659,-48,,661,-48,,664,-47,,671,-45,,674,-48,,661,-49,,665,-47,,661,-50,,685,-48,,687,-46,,671,-46,,675,-45,,669,-43,,672,-45,,669,-41
671,-44,,671,-47,,680,-43,,668,-45,,668,-48,,660,-47,,662,-48,,665,-47,,672,-44,,675,-48,,662,-49,,666,-47,,662,-49,,686,-48,,688,-45,,672,-46,,676,-45,,670,-43,,673,-44,,670,-41
672,-44,,672,-47,,681,-42,,669,-45,,669,-47,,661,-47,,663,-48,,666,-47,,673,-44,,676,-48,,663,-49,,667,-47,,663,-49,,687,-47,,689,-45,,673,-45,,677,-44,,671,-43,,674,-44,,671,-41
673,-44,,673,-47,,682,-42,,670,-45,,670,-47,,662,-47,,664,-48,,667,-47,,674,-44,,677,-48,,664,-48,,668,-47,,664,-49,,688,-47,,690,-45,,674,-45,,678,-44,,672,-42,,675,-44,,672,-40
674,-43,,674,-47,,683,-42,,671,-45,,671,-47,,663,-47,,665,-47,,668,-46,,675,-44,,678,-47,,665,-48,,669,-46,,665,-48,,689,-47,,691,-45,,675,-45,,679,-44,,673,-42,,676,-44,,673,-40
675,-43,,675,-47,,684,-42,,672,-44,,672,-47,,664,-47,,666,-47,,669,-46,,676,-44,,679,-47,,666,-48,,670,-46,,666,-48,,690,-47,,692,-45,,676,-45,,680,-44,,674,-42,,677,-43,,674,-40
676,-43,,676,-47,,685,-42,,673,-44,,673,-47,,665,-46,,667,-47,,670,-46,,677,-43,,680,-47,,667,-48,,671,-46,,667,-48,,691,-47,,693,-45,,677,-45,,681,-43,,675,-42,,678,-43,,675,-40
677,-43,,677,-47,,686,-42,,674,-44,,674,-46,,666,-46,,668,-47,,671,-46,,678,-43,,681,-47,,668,-48,,672,-46,,668,-48,,692,-47,,694,-44,,678,-45,,682,-43,,676,-42,,679,-43,,676,-40
678,-43,,678,-46,,687,-41,,675,-44,,675,-46,,667,-46,,669,-47,,672,-46,,679,-43,,682,-47,,669,-48,,673,-46,,669,-48,,693,-47,,695,-44,,679,-45,,683,-43,,677,-42,,680,-43,,677,-40
679,-43,,679,-47,,688,-41,,676,-44,,676,-46,,668,-46,,670,-47,,673,-46,,680,-43,,683,-47,,670,-48,,674,-46,,670,-48,,694,-47,,696,-44,,680,-45,,684,-43,,678,-42,,681,-43,,678,-40
680,-43,,680,-46,,689,-41,,677,-44,,677,-46,,669,-46,,671,-47,,674,-46,,681,-43,,684,-47,,671,-48,,675,-46,,671,-48,,695,-47,,697,-44,,681,-45,,685,-43,,679,-42,,682,-43,,679,-40
681,-43,,681,-47,,690,-42,,678,-44,,678,-46,,670,-46,,672,-47,,675,-46,,682,-43,,685,-47,,672,-48,,676,-46,,672,-48,,696,-47,,698,-45,,682,-45,,686,-43,,680,-42,,683,-43,,680,-40
682,-43,,682,-47,,691,-41,,679,-44,,679,-46,,671,-46,,673,-47,,676,-46,,683,-43,,686,-47,,673,-48,,677,-46,,673,-48,,697,-47,,699,-45,,683,-45,,687,-43,,681,-42,,684,-43,,681,-40
683,-43,,683,-46,,692,-41,,680,-44,,680,-46,,672,-46,,674,-47,,677,-46,,684,-43,,687,-47,,674,-48,,678,-46,,674,-48,,698,-47,,700,-45,,684,-45,,688,-43,,682,-42,,685,-43,,682,-40
684,-43,,684,-47,,693,-41,,681,-44,,681,-46,,673,-46,,675,-47,,678,-46,,685,-43,,688,-47,,675,-48,,679,-46,,675,-48,,699,-47,,701,-44,,685,-45,,689,-43,,683,-42,,686,-43,,683,-40
685,-43,,685,-47,,694,-42,,682,-44,,682,-46,,674,-46,,676,-47,,679,-46,,686,-43,,689,-47,,676,-48,,680,-46,,676,-48,,700,-47,,702,-44,,686,-45,,690,-43,,684,-42,,687,-43,,684,-40
686,-43,,686,-47,,695,-42,,683,-44,,683,-46,,675,-46,,677,-47,,680,-46,,687,-43,,690,-47,,677,-48,,681,-46,,677,-48,,701,-47,,703,-45,,687,-45,,691,-43,,685,-42,,688,-43,,685,-40
687,-43,,687,-47,,696,-42,,684,-44,,684,-46,,676,-46,,678,-47,,681,-46,,688,-43,,691,-47,,678,-48,,682,-46,,678,-48,,702,-47,,704,-45,,688,-45,,692,-43,,686,-42,,689,-43,,686,-40
688,-43,,688,-47,,697,-41,,685,-44,,685,-46,,677,-47,,679,-47,,682,-46,,689,-43,,692,-47,,679,-48,,683,-46,,679,-48,,703,-47,,705,-44,,689,-45,,693,-43,,687,-42,,690,-43,,687,-40
689,-43,,689,-47,,698,-42,,686,-44,,686,-46,,678,-46,,680,-47,,683,-46,,690,-43,,693,-47,,680,-48,,684,-46,,680,-48,,704,-47,,706,-45,,690,-45,,694,-43,,688,-42,,691,-43,,688,-40
690,-43,,690,-47,,699,-42,,687,-44,,687,-47,,679,-47,,681,-47,,684,-46,,691,-43,,694,-47,,681,-48,,685,-46,,681,-48,,705,-47,,707,-45,,691,-45,,695,-44,,689,-42,,692,-43,,689,-40
691,-43,,691,-47,,700,-42,,688,-44,,688,-46,,680,-47,,682,-47,,685,-46,,692,-43,,695,-47,,682,-48,,686,-46,,682,-48,,706,-47,,708,-45,,692,-45,,696,-44,,690,-42,,693,-43,,690,-40
692,-43,,692,-47,,701,-42,,689,-44,,689,-47,,681,-47,,683,-47,,686,-46,,693,-43,,696,-47,,683,-48,,687,-47,,683,-48,,707,-47,,709,-45,,693,-45,,697,-44,,691,-42,,694,-43,,691,-40
693,-44,,693,-47,,702,-42,,690,-44,,690,-47,,682,-47,,684,-47,,687,-46,,694,-43,,697,-47,,684,-48,,688,-47,,684,-48,,708,-47,,710,-45,,694,-45,,698,-44,,692,-42,,695,-43,,692,-40
694,-44,,694,-47,,703,-42,,691,-44,,691,-47,,683,-47,,685,-47,,688,-46,,695,-44,,698,-47,,685,-48,,689,-47,,685,-48,,709,-47,,711,-45,,695,-45,,699,-44,,693,-42,,696,-44,,693,-40
695,-44,,695,-47,,704,-42,,692,-45,,692,-47,,684,-47,,686,-47,,689,-46,,696,-44,,699,-47,,686,-48,,690,-47,,686,-48,,710,-47,,712,-45,,696,-45,,700,-44,,694,-42,,697,-44,,694,-40
696,-44,,696,-47,,705,-42,,693,-45,,693,-47,,685,-47,,687,-47,,690,-46,,697,-44,,700,-47,,687,-48,,691,-47,,687,-48,,711,-47,,713,-45,,697,-46,,701,-44,,695,-42,,698,-44,,695,-40
697,-44,,697,-47,,706,-42,,694,-45,,694,-47,,686,-47,,688,-47,,691,-46,,698,-44,,701,-47,,688,-48,,692,-47,,688,-48,,712,-47,,714,-45,,698,-46,,702,-44,,696,-42,,699,-44,,696,-40
698,-44,,698,-47,,707,-42,,695,-45,,695,-47,,687,-47,,689,-48,,692,-46,,699,-44,,702,-48,,689,-48,,693,-47,,689,-49,,713,-47,,715,-45,,699,-46,,703,-44,,697,-42,,700,-44,,697,-41
699,-45,,699,-47,,708,-43,,696,-45,,696,-47,,688,-47,,690,-48,,693,-47,,700,-44,,703,-48,,690,-49,,694,-47,,690,-49,,714,-48,,716,-46,,700,-46,,704,-44,,698,-43,,701,-44,,698,-41
700,-45,,700,-47,,709,-43,,697,-45,,697,-47,,689,-47,,691,-48,,694,-47,,701,-44,,704,-48,,691,-49,,695,-47,,691,-49,,715,-48,,717,-46,,701,-46,,705,-45,,699,-43,,702,-44,,699,-41
701,-45,,701,-48,,710,-43,,698,-45,,698,-47,,690,-47,,692,-48,,695,-47,,702,-44,,705,-48,,692,-49,,696,-48,,692,-49,,716,-48,,718,-46,,702,-46,,706,-45,,700,-43,,703,-44,,700,-41
702,-45,,702,-48,,711,-43,,699,-45,,699,-48,,691,-48,,693,-48,,696,-47,,703,-44,,706,-48,,693,-49,,697,-48,,693,-49,,717,-48,,719,-46,,703,-46,,707,-45,,701,-43,,704,-44,,701,-41
703,-45,,703,-48,,712,-43,,700,-45,,700,-48,,692,-48,,694,-48,,697,-47,,704,-45,,707,-48,,694,-49,,698,-48,,694,-49,,718,-48,,720,-46,,704,-47,,708,-45,,702,-43,,705,-45,,702,-41
704,-45,,704,-48,,713,-43,,701,-46,,701,-48,,693,-48,,695,-48,,698,-47,,705,-45,,708,-48,,695,-49,,699,-48,,695,-50,,719,-48,,721,-46,,705,-47,,709,-45,,703,-43,,706,-45,,703,-41
705,-46,,705,-48,,714,-43,,702,-46,,702,-48,,694,-48,,696,-49,,699,-48,,706,-45,,709,-49,,696,-49,,700,-48,,696,-50,,720,-48,,722,-46,,706,-47,,710,-45,,704,-43,,707,-45,,704,-41
706,-46,,706,-48,,715,-44,,703,-46,,703,-48,,695,-48,,697,-49,,700,-48,,707,-45,,710,-49,,697,-49,,701,-48,,697,-50,,721,-48,,723,-47,,707,-47,,711,-45,,705,-43,,708,-45,,705,-41
707,-46,,707,-48,,716,-44,,704,-46,,704,-48,,696,-48,,698,-49,,701,-48,,708,-45,,711,-49,,698,-49,,702,-48,,698,-50,,722,-49,,724,-47,,708,-47,,712,-46,,706,-44,,709,-45,,706,-41
708,-46,,708,-48,,717,-44,,705,-46,,705,-48,,697,-48,,699,-49,,702,-48,,709,-45,,712,-49,,699,-50,,703,-48,,699,-50,,723,-49,,725,-47,,709,-47,,713,-46,,707,-44,,710,-45,,707,-41
709,-46,,709,-48,,718,-44,,706,-46,,706,-48,,698,-48,,700,-49,,703,-48,,710,-45,,713,-49,,700,-50,,704,-49,,700,-50,,724,-49,,726,-47,,710,-47,,714,-46,,708,-44,,711,-45,,708,-42
710,-46,,710,-48,,719,-44,,707,-46,,707,-48,,699,-48,,701,-49,,704,-48,,711,-45,,714,-49,,701,-50,,705,-49,,701,-50,,725,-49,,727,-47,,711,-47,,715,-46,,709,-44,,712,-45,,709,-42
711,-46,,711,-48,,720,-44,,708,-46,,708,-49,,700,-48,,702,-49,,705,-48,,712,-45,,715,-49,,702,-50,,706,-49,,702,-50,,726,-49,,728,-47,,712,-47,,716,-46,,710,-44,,713,-46,,710,-42
712,-46,,712,-48,,721,-44,,709,-47,,709,-49,,701,-49,,703,-49,,706,-48,,713,-45,,716,-49,,703,-50,,707,-49,,703,-51,,727,-49,,729,-47,,713,-48,,717,-46,,711,-44,,714,-46,,711,-42
713,-46,,713,-49,,722,-44,,710,-47,,710,-49,,702,-49,,704,-49,,707,-49,,714,-46,,717,-49,,704,-50,,708,-49,,704,-51,,728,-49,,730,-47,,714,-48,,718,-46,,712,-44,,715,-46,,712,-42
714,-46,,714,-49,,723,-44,,711,-47,,711,-49,,703,-49,,705,-49,,708,-49,,715,-46,,718,-49,,705,-50,,709,-49,,705,-51,,729,-49,,731,-47,,715,-48,,719,-46,,713,-44,,716,-46,,713,-42
715,-47,,715,-49,,724,-44,,712,-47,,712,-49,,704,-49,,706,-49,,709,-49,,716,-46,,719,-49,,706,-50,,710,-49,,706,-51,,730,-49,,732,-47,,716,-48,,720,-46,,714,-44,,717,-46,,714,-42
716,-47,,716,-49,,725,-44,,713,-47,,713,-49,,705,-49,,707,-50,,710,-49,,717,-46,,720,-49,,707,-50,,711,-49,,707,-51,,731,-49,,733,-47,,717,-48,,721,-46,,715,-44,,718,-46,,715,-42
717,-47,,717,-49,,726,-44,,714,-47,,714,-49,,706,-49,,708,-50,,711,-49,,718,-46,,721,-49,,708,-50,,712,-49,,708,-51,,732,-49,,734,-47,,718,-48,,722,-46,,716,-44,,719,-46,,716,-42
718,-47,,718,-49,,727,-44,,715,-47,,715,-49,,707,-49,,709,-50,,712,-49,,719,-46,,722,-49,,709,-50,,713,-49,,709,-51,,733,-49,,735,-47,,719,-48,,723,-46,,717,-44,,720,-46,,717,-42
719,-47,,719,-49,,728,-44,,716,-47,,716,-49,,708,-49,,710,-50,,713,-49,,720,-46,,723,-49,,710,-50,,714,-49,,710,-51,,734,-49,,736,-47,,720,-48,,724,-46,,718,-45,,721,-46,,718,-42
720,-47,,720,-49,,729,-44,,717,-47,,717,-49,,709,-49,,711,-50,,714,-49,,721,-46,,724,-49,,711,-50,,715,-49,,711,-51,,735,-49,,737,-47,,721,-48,,725,-46,,719,-45,,722,-46,,719,-42
721,-47,,721,-49,,730,-44,,718,-47,,718,-49,,710,-49,,712,-50,,715,-49,,722,-46,,725,-49,,712,-50,,716,-49,,712,-51,,736,-49,,738,-47,,722,-48,,726,-46,,720,-45,,723,-46,,720,-42
722,-47,,722,-49,,731,-44,,719,-47,,719,-49,,711,-49,,713,-50,,716,-49,,723,-46,,726,-49,,713,-50,,717,-49,,713,-51,,737,-49,,739,-47,,723,-48,,727,-47,,721,-45,,724,-46,,721,-42
723,-47,,723,-49,,732,-44,,720,-47,,720,-49,,712,-49,,714,-50,,717,-49,,724,-46,,727,-49,,714,-50,,718,-49,,714,-51,,738,-49,,740,-47,,724,-48,,728,-47,,722,-45,,725,-46,,722,-42
724,-47,,724,-49,,733,-44,,721,-47,,721,-49,,713,-49,,715,-50,,718,-49,,725,-46,,728,-49,,715,-50,,719,-49,,715,-51,,739,-49,,741,-47,,725,-48,,729,-47,,723,-45,,726,-46,,723,-42
725,-47,,725,-49,,734,-44,,722,-47,,722,-49,,714,-49,,716,-50,,719,-49,,726,-46,,729,-49,,716,-50,,720,-49,,716,-51,,740,-49,,742,-47,,726,-48,,730,-46,,724,-45,,727,-46,,724,-42
726,-47,,726,-49,,735,-44,,723,-47,,723,-49,,715,-49,,717,-50,,720,-49,,727,-46,,730,-49,,717,-50,,721,-49,,717,-51,,741,-49,,743,-47,,727,-48,,731,-47,,725,-45,,728,-46,,725,-42
727,-47,,727,-49,,736,-44,,724,-47,,724,-49,,716,-49,,718,-50,,721,-49,,728,-46,,731,-49,,718,-50,,722,-49,,718,-51,,742,-49,,744,-47,,728,-48,,732,-47,,726,-45,,729,-46,,726,-42
728,-47,,728,-49,,737,-44,,725,-47,,725,-49,,717,-49,,719,-50,,722,-49,,729,-46,,732,-49,,719,-50,,723,-49,,719,-51,,743,-49,,745,-47,,729,-48,,733,-47,,727,-45,,730,-46,,727,-42
729,-47,,729,-49,,738,-44,,726,-47,,726,-49,,718,-49,,720,-50,,723,-49,,730,-46,,733,-49,,720,-50,,724,-49,,720,-51,,744,-49,,746,-47,,730,-48,,734,-47,,728,-45,,731,-46,,728,-42
730,-47,,730,-49,,739,-44,,727,-47,,727,-49,,719,-49,,721,-50,,724,-49,,731,-46,,734,-49,,721,-50,,725,-49,,721,-51,,745,-49,,747,-47,,731,-48,,735,-47,,729,-45,,732,-46,,729,-42
731,-47,,731,-49,,740,-44,,728,-47,,728,-49,,720,-49,,722,-50,,725,-49,,732,-46,,735,-49,,722,-50,,726,-49,,722,-51,,746,-49,,748,-47,,732,-48,,736,-47,,730,-45,,733,-46,,730,-42
732,-47,,732,-49,,741,-44,,729,-47,,729,-49,,721,-49,,723,-50,,726,-49,,733,-46,,736,-49,,723,-50,,727,-49,,723,-51,,747,-49,,749,-47,,733,-48,,737,-47,,731,-45,,734,-46,,731,-42
733,-47,,733,-49,,742,-44,,730,-47,,730,-49,,722,-49,,724,-50,,727,-49,,734,-46,,737,-49,,724,-50,,728,-49,,724,-51,,748,-49,,750,-47,,734,-48,,738,-47,,732,-45,,735,-46,,732,-42
734,-47,,734,-49,,743,-44,,731,-47,,731,-49,,723,-49,,725,-50,,728,-49,,735,-46,,738,-49,,725,-50,,729,-49,,725,-51,,749,-49,,751,-47,,735,-48,,739,-47,,733,-45,,736,-46,,733,-42
735,-47,,735,-49,,744,-44,,732,-47,,732,-49,,724,-49,,726,-50,,729,-49,,736,-46,,739,-49,,726,-50,,730,-49,,726,-51,,750,-49,,752,-47,,736,-48,,740,-47,,734,-45,,737,-46,,734,-42
736,-47,,736,-49,,745,-44,,733,-47,,733,-49,,725,-49,,727,-50,,730,-49,,737,-46,,740,-49,,727,-50,,731,-49,,727,-51,,751,-49,,753,-47,,737,-48,,741,-47,,735,-45,,738,-46,,735,-42
737,-47,,737,-49,,746,-44,,734,-47,,734,-49,,726,-49,,728,-50,,731,-49,,738,-46,,741,-49,,728,-50,,732,-49,,728,-51,,752,-49,,754,-47,,738,-48,,742,-47,,736,-45,,739,-46,,736,-42
738,-47,,738,-49,,747,-44,,735,-47,,735,-49,,727,-49,,729,-50,,732,-49,,739,-46,,742,-49,,729,-50,,733,-49,,729,-51,,753,-49,,755,-47,,739,-48,,743,-47,,737,-45,,740,-46,,737,-42
739,-47,,739,-49,,748,-44,,736,-47,,736,-49,,728,-49,,730,-50,,733,-49,,740,-46,,743,-49,,730,-50,,734,-49,,730,-51,,754,-49,,756,-47,,740,-48,,744,-46,,738,-44,,741,-46,,738,-42
740,-47,,740,-49,,749,-44,,737,-47,,737,-49,,729,-49,,731,-50,,734,-49,,741,-46,,744,-49,,731,-50,,735,-49,,731,-51,,755,-49,,757,-47,,741,-48,,745,-46,,739,-45,,742,-46,,739,-42
741,-47,,741,-49,,750,-44,,738,-47,,738,-49,,730,-49,,732,-50,,735,-49,,742,-46,,745,-49,,732,-50,,736,-49,,732,-51,,756,-49,,758,-47,,742,-48,,746,-46,,740,-45,,743,-46,,740,-42
742,-47,,742,-49,,751,-44,,739,-47,,739,-49,,731,-49,,733,-50,,736,-49,,743,-46,,746,-49,,733,-50,,737,-49,,733,-51,,757,-49,,759,-47,,743,-48,,747,-46,,741,-44,,744,-46,,741,-41
743,-47,,743,-49,,752,-44,,740,-47,,740,-49,,732,-49,,734,-50,,737,-49,,744,-45,,747,-49,,734,-50,,738,-49,,734,-51,,758,-49,,760,-47,,744,-48,,748,-46,,742,-44,,745,-46,,742,-41
744,-47,,744,-48,,753,-44,,741,-47,,741,-49,,733,-49,,735,-49,,738,-49,,745,-45,,748,-49,,735,-50,,739,-49,,735,-51,,759,-49,,761,-47,,745,-47,,749,-46,,743,-44,,746,-46,,743,-41
745,-46,,745,-48,,754,-44,,742,-47,,742,-49,,734,-49,,736,-49,,739,-49,,746,-45,,749,-49,,736,-50,,740,-49,,736,-51,,760,-49,,762,-47,,746,-47,,750,-46,,744,-44,,747,-46,,744,-41
746,-46,,746,-48,,755,-44,,743,-47,,743,-49,,735,-48,,737,-49,,740,-49,,747,-45,,750,-49,,737,-50,,741,-48,,737,-51,,761,-49,,763,-47,,747,-47,,751,-46,,745,-44,,748,-46,,745,-41
747,-46,,747,-48,,756,-44,,744,-46,,744,-49,,736,-48,,738,-49,,741,-49,,748,-45,,751,-49,,738,-50,,742,-48,,738,-50,,762,-49,,764,-47,,748,-47,,752,-46,,746,-44,,749,-46,,746,-41
748,-46,,748,-48,,757,-44,,745,-46,,745,-49,,737,-48,,739,-49,,742,-49,,749,-45,,752,-49,,739,-50,,743,-48,,739,-50,,763,-49,,765,-47,,749,-47,,753,-46,,747,-44,,750,-45,,747,-41
749,-46,,749,-48,,758,-44,,746,-46,,746,-48,,738,-48,,740,-49,,743,-48,,750,-45,,753,-49,,740,-50,,744,-48,,740,-50,,764,-49,,766,-47,,750,-47,,754,-46,,748,-44,,751,-45,,748,-41
750,-46,,750,-48,,759,-44,,747,-46,,747,-48,,739,-48,,741,-49,,744,-48,,751,-45,,754,-49,,741,-49,,745,-48,,741,-50,,765,-48,,767,-46,,751,-47,,755,-46,,749,-44,,752,-45,,749,-41
751,-46,,751,-48,,760,-43,,748,-46,,748,-48,,740,-48,,742,-49,,745,-48,,752,-45,,755,-49,,742,-49,,746,-48,,742,-50,,766,-48,,768,-46,,752,-47,,756,-45,,750,-44,,753,-45,,750,-41
752,-46,,752,-48,,761,-43,,749,-46,,749,-48,,741,-48,,743,-49,,746,-48,,753,-45,,756,-49,,743,-49,,747,-48,,743,-50,,767,-48,,769,-46,,753,-47,,757,-45,,751,-44,,754,-45,,751,-41
753,-45,,753,-48,,762,-43,,750,-46,,750,-48,,742,-48,,744,-49,,747,-48,,754,-45,,757,-48,,744,-49,,748,-48,,744,-50,,768,-48,,770,-46,,754,-46,,758,-45,,752,-44,,755,-45,,752,-41
754,-45,,754,-48,,763,-43,,751,-46,,751,-48,,743,-48,,745,-49,,748,-48,,755,-44,,758,-48,,745,-49,,749,-48,,745,-50,,769,-48,,771,-46,,755,-46,,759,-45,,753,-43,,756,-45,,753,-41
755,-45,,755,-48,,764,-43,,752,-45,,752,-48,,744,-48,,746,-49,,749,-48,,756,-44,,759,-48,,746,-49,,750,-47,,746,-50,,770,-48,,772,-46,,756,-46,,760,-45,,754,-43,,757,-45,,754,-41
756,-45,,756,-47,,765,-43,,753,-45,,753,-48,,745,-48,,747,-48,,750,-48,,757,-44,,760,-48,,747,-49,,751,-47,,747,-49,,771,-48,,773,-46,,757,-46,,761,-45,,755,-43,,758,-45,,755,-41
757,-45,,757,-47,,766,-43,,754,-45,,754,-48,,746,-47,,748,-48,,751,-47,,758,-44,,761,-48,,748,-49,,752,-47,,748,-49,,772,-48,,774,-46,,758,-46,,762,-45,,756,-43,,759,-45,,756,-41
758,-45,,758,-47,,767,-43,,755,-45,,755,-48,,747,-47,,749,-48,,752,-47,,759,-44,,762,-48,,749,-49,,753,-47,,749,-49,,773,-48,,775,-46,,759,-46,,763,-45,,757,-43,,760,-45,,757,-41
759,-45,,759,-47,,768,-43,,756,-45,,756,-48,,748,-47,,750,-48,,753,-47,,760,-44,,763,-48,,750,-49,,754,-47,,750,-49,,774,-48,,776,-46,,760,-46,,764,-45,,758,-43,,761,-44,,758,-41
760,-45,,760,-47,,769,-43,,757,-45,,757,-47,,749,-47,,751,-48,,754,-47,,761,-44,,764,-48,,751,-49,,755,-47,,751,-49,,775,-48,,777,-46,,761,-46,,765,-45,,759,-43,,762,-44,,759,-41
761,-45,,761,-47,,770,-42,,758,-45,,758,-47,,750,-47,,752,-48,,755,-47,,762,-44,,765,-48,,752,-49,,756,-47,,752,-49,,776,-48,,778,-46,,762,-46,,766,-45,,760,-43,,763,-44,,760,-41
762,-45,,762,-47,,771,-42,,759,-45,,759,-47,,751,-47,,753,-48,,756,-47,,763,-44,,766,-48,,753,-49,,757,-47,,753,-49,,777,-48,,779,-46,,763,-46,,767,-45,,761,-43,,764,-44,,761,-41
763,-45,,763,-47,,772,-43,,760,-45,,760,-47,,752,-47,,754,-48,,757,-47,,764,-44,,767,-48,,754,-49,,758,-47,,754,-49,,778,-48,,780,-46,,764,-46,,768,-45,,762,-43,,765,-44,,762,-41
764,-45,,764,-47,,773,-43,,761,-45,,761,-47,,753,-47,,755,-48,,758,-47,,765,-44,,768,-48,,755,-49,,759,-47,,755,-49,,779,-48,,781,-46,,765,-46,,769,-45,,763,-43,,766,-44,,763,-41
765,-45,,765,-47,,774,-43,,762,-45,,762,-47,,754,-47,,756,-48,,759,-47,,766,-44,,769,-48,,756,-49,,760,-47,,756,-49,,780,-48,,782,-46,,766,-46,,770,-45,,764,-43,,767,-44,,764,-41
766,-45,,766,-47,,775,-42,,763,-45,,763,-47,,755,-47,,757,-48,,760,-47,,767,-44,,770,-48,,757,-49,,761,-47,,757,-49,,781,-48,,783,-46,,767,-46,,771,-45,,765,-43,,768,-44,,765,-41
767,-45,,767,-47,,776,-43,,764,-45,,764,-47,,756,-47,,758,-48,,761,-47,,768,-44,,771,-48,,758,-49,,762,-47,,758,-49,,782,-48,,784,-46,,768,-46,,772,-45,,766,-43,,769,-44,,766,-41
768,-45,,768,-47,,777,-43,,765,-45,,765,-47,,757,-47,,759,-48,,762,-47,,769,-44,,772,-48,,759,-49,,763,-47,,759,-49,,783,-48,,785,-46,,769,-46,,773,-45,,767,-43,,770,-44,,767,-41
769,-45,,769,-47,,778,-43,,766,-45,,766,-47,,758,-47,,760,-48,,763,-47,,770,-44,,773,-48,,760,-49,,764,-47,,760,-49,,784,-48,,786,-46,,770,-46,,774,-45,,768,-43,,771,-44,,768,-41
770,-45,,770,-47,,779,-43,,767,-45,,767,-47,,759,-47,,761,-48,,764,-47,,771,-44,,774,-48,,761,-49,,765,-47,,761,-49,,785,-48,,787,-46,,771,-46,,775,-45,,769,-43,,772,-44,,769,-41
771,-45,,771,-47,,780,-43,,768,-45,,768,-47,,760,-47,,762,-48,,765,-47,,772,-44,,775,-48,,762,-49,,766,-47,,762,-49,,786,-48,,788,-46,,772,-46,,776,-45,,770,-43,,773,-44,,770,-41
772,-45,,772,-47,,781,-43,,769,-45,,769,-47,,761,-47,,763,-48,,766,-47,,773,-44,,776,-48,,763,-49,,767,-47,,763,-49,,787,-48,,789,-46,,773,-46,,777,-45,,771,-43,,774,-44,,771,-41
773,-45,,773,-47,,782,-43,,770,-45,,770,-47,,762,-47,,764,-48,,767,-47,,774,-44,,777,-48,,764,-49,,768,-47,,764,-49,,788,-48,,790,-46,,774,-46,,778,-45,,772,-43,,775,-44,,772,-41
774,-45,,774,-47,,783,-43,,771,-45,,771,-47,,763,-47,,765,-48,,768,-47,,775,-44,,778,-48,,765,-49,,769,-47,,765,-49,,789,-48,,791,-46,,775,-46,,779,-45,,773,-43,,776,-44,,773,-41
775,-45,,775,-47,,784,-43,,772,-45,,772,-48,,764,-47,,766,-48,,769,-47,,776,-44,,779,-48,,766,-49,,770,-47,,766,-49,,790,-48,,792,-46,,776,-46,,780,-45,,774,-43,,777,-44,,774,-41
776,-45,,776,-48,,785,-43,,773,-45,,773,-48,,765,-47,,767,-48,,770,-47,,777,-44,,780,-48,,767,-49,,771,-47,,767,-49,,791,-48,,793,-46,,777,-46,,781,-45,,775,-43,,778,-45,,775,-41
777,-45,,777,-48,,786,-43,,774,-45,,774,-48,,766,-48,,768,-48,,771,-47,,778,-44,,781,-48,,768,-49,,772,-48,,768,-49,,792,-48,,794,-46,,778,-46,,782,-45,,776,-43,,779,-44,,776,-41
778,-45,,778,-48,,787,-43,,775,-46,,775,-48,,767,-48,,769,-48,,772,-47,,779,-44,,782,-48,,769,-49,,773,-48,,769,-49,,793,-48,,795,-46,,779,-46,,783,-45,,777,-43,,780,-45,,777,-41
779,-45,,779,-48,,788,-43,,776,-45,,776,-48,,768,-48,,770,-48,,773,-47,,780,-44,,783,-48,,770,-49,,774,-48,,770,-49,,794,-48,,796,-46,,780,-46,,784,-45,,778,-43,,781,-45,,778,-41
780,-45,,780,-48,,789,-43,,777,-46,,777,-48,,769,-48,,771,-48,,774,-47,,781,-44,,784,-48,,771,-49,,775,-48,,771,-49,,795,-48,,797,-46,,781,-47,,785,-45,,779,-43,,782,-45,,779,-41
781,-45,,781,-48,,790,-43,,778,-46,,778,-48,,770,-48,,772,-48,,775,-47,,782,-45,,785,-48,,772,-49,,776,-48,,772,-49,,796,-48,,798,-46,,782,-47,,786,-45,,780,-43,,783,-45,,780,-41
782,-45,,782,-48,,791,-43,,779,-46,,779,-48,,771,-48,,773,-49,,776,-47,,783,-45,,786,-48,,773,-49,,777,-48,,773,-50,,797,-48,,799,-46,,783,-47,,787,-45,,781,-43,,784,-45,,781,-41
783,-45,,783,-48,,792,-43,,780,-46,,780,-48,,772,-48,,774,-49,,777,-48,,784,-45,,787,-48,,774,-49,,778,-48,,774,-50,,798,-48,,800,-46,,784,-47,,788,-45,,782,-43,,785,-45,,782,-41
784,-45,,784,-48,,793,-43,,781,-46,,781,-48,,773,-48,,775,-49,,778,-48,,785,-45,,788,-48,,775,-49,,779,-48,,775,-50,,799,-48,,801,-46,,785,-47,,789,-45,,783,-43,,786,-45,,783,-41
785,-45,,785,-48,,794,-43,,782,-46,,782,-48,,774,-48,,776,-49,,779,-48,,786,-45,,789,-48,,776,-49,,780,-48,,776,-50,,800,-48,,802,-46,,786,-47,,790,-45,,784,-43,,787,-45,,784,-41
786,-45,,786,-48,,795,-43,,783,-46,,783,-48,,775,-48,,777,-49,,780,-48,,787,-45,,790,-48,,777,-49,,781,-48,,777,-50,,801,-48,,803,-46,,787,-47,,791,-45,,785,-43,,788,-45,,785,-41
787,-46,,787,-48,,796,-43,,784,-46,,784,-48,,776,-48,,778,-49,,781,-48,,788,-45,,791,-49,,778,-49,,782,-48,,778,-50,,802,-48,,804,-47,,788,-47,,792,-45,,786,-44,,789,-45,,786,-41
788,-46,,788,-48,,797,-44,,785,-46,,785,-48,,777,-48,,779,-49,,782,-48,,789,-45,,792,-49,,779,-49,,783,-48,,779,-50,,803,-48,,805,-46,,789,-47,,793,-46,,787,-44,,790,-45,,787,-41
789,-46,,789,-48,,798,-44,,786,-46,,786,-48,,778,-48,,780,-49,,783,-48,,790,-45,,793,-49,,780,-49,,784,-48,,780,-50,,804,-48,,806,-47,,790,-47,,794,-46,,788,-44,,791,-45,,788,-41
790,-46,,790,-48,,799,-44,,787,-46,,787,-48,,779,-48,,781,-49,,784,-48,,791,-45,,794,-49,,781,-50,,785,-48,,781,-50,,805,-49,,807,-47,,791,-47,,795,-46,,789,-44,,792,-45,,789,-41
791,-46,,791,-48,,800,-44,,788,-46,,788,-48,,780,-48,,782,-49,,785,-48,,792,-45,,795,-49,,782,-50,,786,-48,,782,-50,,806,-49,,808,-47,,792,-47,,796,-46,,790,-44,,793,-45,,790,-41
792,-46,,792,-48,,801,-44,,789,-46,,789,-48,,781,-48,,783,-49,,786,-48,,793,-45,,796,-49,,783,-50,,787,-48,,783,-50,,807,-49,,809,-47,,793,-47,,797,-46,,791,-44,,794,-45,,791,-41
793,-46,,793,-48,,802,-44,,790,-46,,790,-48,,782,-48,,784,-49,,787,-48,,794,-45,,797,-49,,784,-50,,788,-48,,784,-50,,808,-49,,810,-47,,794,-47,,798,-46,,792,-44,,795,-45,,792,-41
794,-46,,794,-48,,803,-44,,791,-46,,791,-49,,783,-48,,785,-49,,788,-48,,795,-45,,798,-49,,785,-50,,789,-48,,785,-50,,809,-49,,811,-47,,795,-47,,799,-46,,793,-44,,796,-45,,793,-41
795,-46,,795,-48,,804,-44,,792,-46,,792,-49,,784,-48,,786,-49,,789,-48,,796,-45,,799,-49,,786,-50,,790,-48,,786,-50,,810,-49,,812,-47,,796,-47,,800,-46,,794,-44,,797,-46,,794,-41
796,-46,,796,-48,,805,-44,,793,-46,,793,-49,,785,-48,,787,-49,,790,-48,,797,-45,,800,-49,,787,-50,,791,-48,,787,-50,,811,-49,,813,-47,,797,-47,,801,-46,,795,-44,,798,-46,,795,-41
797,-46,,797,-48,,806,-44,,794,-46,,794,-49,,786,-49,,788,-49,,791,-48,,798,-45,,801,-49,,788,-50,,792,-48,,788,-50,,812,-49,,814,-47,,798,-47,,802,-46,,796,-44,,799,-46,,796,-41
798,-46,,798,-48,,807,-44,,795,-47,,795,-49,,787,-49,,789,-49,,792,-48,,799,-45,,802,-49,,789,-50,,793,-48,,789,-50,,813,-49,,815,-47,,799,-47,,803,-46,,797,-44,,800,-46,,797,-41
799,-46,,799,-48,,808,-44,,796,-47,,796,-49,,788,-49,,790,-49,,793,-48,,800,-45,,803,-49,,790,-50,,794,-48,,790,-51,,814,-49,,816,-47,,800,-47,,804,-46,,798,-44,,801,-46,,798,-41
800,-46,,800,-48,,809,-44,,797,-47,,797,-49,,789,-49,,791,-49,,794,-48,,801,-45,,804,-49,,791,-50,,795,-48,,791,-51,,815,-49,,817,-47,,801,-47,,805,-46,,799,-44,,802,-46,,799,-41
801,-46,,801,-48,,810,-44,,798,-47,,798,-49,,790,-49,,792,-50,,795,-48,,802,-45,,805,-49,,792,-50,,796,-49,,792,-51,,816,-49,,818,-47,,802,-47,,806,-46,,800,-44,,803,-46,,800,-41
802,-46,,802,-48,,811,-44,,799,-47,,799,-49,,791,-49,,793,-50,,796,-48,,803,-45,,806,-49,,793,-50,,797,-48,,793,-51,,817,-49,,819,-47,,803,-47,,807,-46,,801,-44,,804,-46,,801,-41
803,-46,,803,-48,,812,-44,,800,-47,,800,-49,,792,-49,,794,-49,,797,-48,,804,-45,,807,-49,,794,-50,,798,-48,,794,-51,,818,-49,,820,-47,,804,-48,,808,-46,,802,-44,,805,-46,,802,-41
804,-46,,804,-48,,813,-44,,801,-47,,801,-49,,793,-49,,795,-50,,798,-48,,805,-45,,808,-49,,795,-50,,799,-49,,795,-51,,819,-49,,821,-47,,805,-48,,809,-46,,803,-44,,806,-46,,803,-41
805,-46,,805,-48,,814,-44,,802,-47,,802,-49,,794,-49,,796,-50,,799,-48,,806,-45,,809,-49,,796,-50,,800,-48,,796,-51,,820,-49,,822,-47,,806,-48,,810,-46,,804,-44,,807,-46,,804,-41
806,-46,,806,-48,,815,-44,,803,-47,,803,-49,,795,-49,,797,-50,,800,-48,,807,-45,,810,-49,,797,-50,,801,-48,,797,-51,,821,-49,,823,-47,,807,-48,,811,-46,,805,-44,,808,-46,,805,-41
807,-46,,807,-48,,816,-44,,804,-47,,804,-49,,796,-49,,798,-50,,801,-48,,808,-45,,811,-49,,798,-50,,802,-48,,798,-51,,822,-49,,824,-47,,808,-48,,812,-46,,806,-44,,809,-46,,806,-41
808,-46,,808,-48,,817,-44,,805,-47,,805,-49,,797,-49,,799,-50,,802,-48,,809,-45,,812,-49,,799,-50,,803,-48,,799,-51,,823,-49,,825,-47,,809,-48,,813,-46,,807,-44,,810,-46,,807,-41
809,-46,,809,-48,,818,-44,,806,-47,,806,-49,,798,-49,,800,-50,,803,-48,,810,-45,,813,-49,,800,-50,,804,-48,,800,-51,,824,-49,,826,-47,,810,-48,,814,-46,,808,-44,,811,-46,,808,-41
810,-46,,810,-48,,819,-44,,807,-47,,807,-49,,799,-49,,801,-50,,804,-48,,811,-45,,814,-49,,801,-50,,805,-48,,801,-51,,825,-49,,827,-47,,811,-48,,815,-46,,809,-44,,812,-46,,809,-41
811,-46,,811,-48,,820,-44,,808,-47,,808,-49,,800,-49,,802,-50,,805,-48,,812,-45,,815,-49,,802,-50,,806,-48,,802,-51,,826,-49,,828,-47,,812,-48,,816,-46,,810,-44,,813,-46,,810,-41
812,-46,,812,-48,,821,-44,,809,-47,,809,-49,,801,-49,,803,-50,,806,-48,,813,-45,,816,-49,,803,-50,,807,-48,,803,-51,,827,-49,,829,-47,,813,-48,,817,-46,,811,-44,,814,-46,,811,-41
813,-46,,813,-48,,822,-44,,810,-47,,810,-49,,802,-49,,804,-50,,807,-48,,814,-45,,817,-49,,804,-50,,808,-48,,804,-51,,828,-49,,830,-47,,814,-48,,818,-46,,812,-44,,815,-46,,812,-41
814,-46,,814,-48,,823,-44,,811,-47,,811,-49,,803,-49,,805,-50,,808,-48,,815,-45,,818,-49,,805,-50,,809,-48,,805,-51,,829,-49,,831,-47,,815,-48,,819,-46,,813,-44,,816,-46,,813,-41
815,-46,,815,-48,,824,-44,,812,-47,,812,-49,,804,-49,,806,-50,,809,-48,,816,-45,,819,-49,,806,-50,,810,-49,,806,-51,,830,-49,,832,-47,,816,-48,,820,-46,,814,-44,,817,-46,,814,-41
816,-46,,816,-48,,825,-44,,813,-47,,813,-49,,805,-49,,807,-50,,810,-48,,817,-45,,820,-49,,807,-50,,811,-48,,807,-51,,831,-49,,833,-47,,817,-47,,821,-46,,815,-44,,818,-46,,815,-41
817,-46,,817,-48,,826,-44,,814,-47,,814,-49,,806,-49,,808,-50,,811,-48,,818,-45,,821,-49,,808,-50,,812,-48,,808,-51,,832,-49,,834,-47,,818,-47,,822,-46,,816,-44,,819,-46,,816,-41
818,-46,,818,-48,,827,-44,,815,-47,,815,-49,,807,-49,,809,-49,,812,-48,,819,-45,,822,-49,,809,-50,,813,-48,,809,-51,,833,-49,,835,-47,,819,-47,,823,-46,,817,-44,,820,-46,,817,-41
