20240819_w1_count,20240819_w1_angle,,20240819_w10_count,20240819_w10_angle,,20240819_w11_count,20240819_w11_angle,,20240819_w12_count,20240819_w12_angle,,20240819_w13_count,20240819_w13_angle,,20240819_w14_count,20240819_w14_angle,,20240819_w15_count,20240819_w15_angle,,20240819_w16_count,20240819_w16_angle,,20240819_w17_count,20240819_w17_angle,,20240819_w18_count,20240819_w18_angle,,20240819_w19_count,20240819_w19_angle,,20240819_w2_count,20240819_w2_angle,,20240819_w20_count,20240819_w20_angle,,20240819_w3_count,20240819_w3_angle,,20240819_w4_count,20240819_w4_angle,,20240819_w5_count,20240819_w5_angle,,20240819_w6_count,20240819_w6_angle,,20240819_w7_count,20240819_w7_angle,,20240819_w8_count,20240819_w8_angle,,20240819_w9_count,20240819_w9_angle,
444,-22,,465,-35,,473,-36,,475,-38,,480,-37,,480,-37,,482,-36,,470,-37,,489,-33,,483,-36,,482,-36,,480,-31,,478,-36,,485,-34,,476,-29,,472,-34,,477,-36,,483,-36,,477,-34,,470,-35,
445,-22,,466,-35,,474,-36,,476,-38,,481,-36,,481,-37,,483,-36,,471,-37,,490,-33,,484,-36,,483,-36,,481,-31,,479,-36,,486,-34,,477,-29,,473,-34,,478,-36,,484,-36,,478,-34,,471,-35,
446,-22,,467,-35,,475,-36,,477,-38,,482,-36,,482,-37,,484,-36,,472,-37,,491,-33,,485,-36,,484,-36,,482,-31,,480,-36,,487,-34,,478,-29,,474,-34,,479,-36,,485,-36,,479,-34,,472,-35,
447,-22,,468,-35,,476,-36,,478,-38,,483,-36,,483,-37,,485,-36,,473,-37,,492,-33,,486,-36,,485,-36,,483,-31,,481,-36,,488,-34,,479,-29,,475,-34,,480,-36,,486,-36,,480,-34,,473,-35,
448,-22,,469,-35,,477,-36,,479,-38,,484,-36,,484,-37,,486,-36,,474,-37,,493,-33,,487,-36,,486,-36,,484,-31,,482,-36,,489,-34,,480,-29,,476,-34,,481,-36,,487,-36,,481,-34,,474,-35,
449,-22,,470,-35,,478,-36,,480,-38,,485,-36,,485,-37,,487,-36,,475,-37,,494,-33,,488,-36,,487,-36,,485,-31,,483,-36,,490,-34,,481,-29,,477,-34,,482,-36,,488,-36,,482,-34,,475,-35,
450,-22,,471,-35,,479,-36,,481,-38,,486,-36,,486,-37,,488,-36,,476,-37,,495,-33,,489,-36,,488,-36,,486,-31,,484,-36,,491,-34,,482,-29,,478,-34,,483,-36,,489,-36,,483,-34,,476,-35,
451,-22,,472,-35,,480,-36,,482,-38,,487,-37,,487,-37,,489,-36,,477,-37,,496,-33,,490,-36,,489,-36,,487,-31,,485,-36,,492,-34,,483,-29,,479,-34,,484,-36,,490,-36,,484,-34,,477,-35,
452,-22,,473,-35,,481,-36,,483,-38,,488,-36,,488,-37,,490,-36,,478,-37,,497,-33,,491,-36,,490,-36,,488,-31,,486,-36,,493,-34,,484,-29,,480,-34,,485,-36,,491,-36,,485,-34,,478,-35,
453,-22,,474,-35,,482,-36,,484,-38,,489,-36,,489,-37,,491,-36,,479,-37,,498,-33,,492,-36,,491,-36,,489,-31,,487,-36,,494,-34,,485,-29,,481,-34,,486,-36,,492,-36,,486,-34,,479,-35,
454,-22,,475,-35,,483,-36,,485,-38,,490,-36,,490,-37,,492,-36,,480,-37,,499,-33,,493,-36,,492,-36,,490,-31,,488,-36,,495,-34,,486,-29,,482,-34,,487,-36,,493,-36,,487,-34,,480,-35,
455,-22,,476,-35,,484,-36,,486,-38,,491,-36,,491,-37,,493,-36,,481,-37,,500,-33,,494,-36,,493,-36,,491,-31,,489,-36,,496,-34,,487,-29,,483,-34,,488,-36,,494,-36,,488,-34,,481,-35,
456,-22,,477,-35,,485,-36,,487,-38,,492,-36,,492,-37,,494,-36,,482,-37,,501,-33,,495,-36,,494,-36,,492,-31,,490,-36,,497,-34,,488,-29,,484,-34,,489,-36,,495,-36,,489,-34,,482,-35,
457,-22,,478,-35,,486,-36,,488,-38,,493,-36,,493,-37,,495,-36,,483,-37,,502,-33,,496,-36,,495,-36,,493,-31,,491,-36,,498,-34,,489,-29,,485,-34,,490,-36,,496,-36,,490,-34,,483,-35,
458,-22,,479,-35,,487,-36,,489,-38,,494,-36,,494,-37,,496,-36,,484,-37,,503,-33,,497,-36,,496,-36,,494,-31,,492,-36,,499,-34,,490,-29,,486,-34,,491,-36,,497,-36,,491,-34,,484,-35,
459,-22,,480,-35,,488,-36,,490,-38,,495,-36,,495,-37,,497,-36,,485,-37,,504,-33,,498,-36,,497,-36,,495,-31,,493,-36,,500,-34,,491,-29,,487,-34,,492,-36,,498,-36,,492,-34,,485,-35,
460,-22,,481,-35,,489,-36,,491,-38,,496,-36,,496,-37,,498,-36,,486,-37,,505,-33,,499,-36,,498,-36,,496,-31,,494,-36,,501,-34,,492,-29,,488,-34,,493,-36,,499,-36,,493,-34,,486,-35,
461,-22,,482,-35,,490,-36,,492,-38,,497,-36,,497,-37,,499,-36,,487,-37,,506,-33,,500,-36,,499,-36,,497,-31,,495,-36,,502,-34,,493,-29,,489,-34,,494,-36,,500,-36,,494,-34,,487,-35,
462,-22,,483,-35,,491,-36,,493,-38,,498,-36,,498,-37,,500,-36,,488,-37,,507,-33,,501,-36,,500,-36,,498,-31,,496,-36,,503,-34,,494,-29,,490,-34,,495,-36,,501,-36,,495,-34,,488,-35,
463,-22,,484,-35,,492,-36,,494,-38,,499,-36,,499,-37,,501,-36,,489,-37,,508,-33,,502,-36,,501,-36,,499,-31,,497,-36,,504,-34,,495,-29,,491,-34,,496,-36,,502,-36,,496,-34,,489,-35,
464,-22,,485,-35,,493,-36,,495,-38,,500,-36,,500,-37,,502,-36,,490,-37,,509,-33,,503,-36,,502,-36,,500,-31,,498,-36,,505,-34,,496,-29,,492,-34,,497,-36,,503,-36,,497,-34,,490,-35,
465,-22,,486,-35,,494,-36,,496,-38,,501,-36,,501,-37,,503,-36,,491,-37,,510,-34,,504,-36,,503,-36,,501,-31,,499,-36,,506,-34,,497,-29,,493,-34,,498,-36,,504,-36,,498,-34,,491,-35,
466,-23,,487,-35,,495,-36,,497,-38,,502,-36,,502,-37,,504,-36,,492,-37,,511,-34,,505,-37,,504,-36,,502,-31,,500,-36,,507,-34,,498,-29,,494,-34,,499,-36,,505,-36,,499,-34,,492,-35,
467,-23,,488,-35,,496,-36,,498,-38,,503,-36,,503,-37,,505,-36,,493,-37,,512,-34,,506,-37,,505,-36,,503,-31,,501,-36,,508,-34,,499,-29,,495,-34,,500,-36,,506,-36,,500,-34,,493,-35,
468,-23,,489,-35,,497,-36,,499,-38,,504,-36,,504,-37,,506,-36,,494,-37,,513,-34,,507,-37,,506,-36,,504,-32,,502,-36,,509,-34,,500,-29,,496,-34,,501,-36,,507,-36,,501,-34,,494,-35,
469,-23,,490,-35,,498,-36,,500,-38,,505,-36,,505,-37,,507,-36,,495,-37,,514,-34,,508,-37,,507,-36,,505,-32,,503,-36,,510,-34,,501,-29,,497,-34,,502,-36,,508,-36,,502,-34,,495,-35,
470,-23,,491,-35,,499,-36,,501,-38,,506,-36,,506,-37,,508,-36,,496,-37,,515,-34,,509,-37,,508,-36,,506,-32,,504,-36,,511,-34,,502,-29,,498,-34,,503,-36,,509,-36,,503,-34,,496,-35,
471,-23,,492,-35,,500,-36,,502,-38,,507,-36,,507,-37,,509,-36,,497,-37,,516,-34,,510,-37,,509,-36,,507,-32,,505,-36,,512,-34,,503,-29,,499,-34,,504,-36,,510,-36,,504,-34,,497,-35,
472,-23,,493,-35,,501,-36,,503,-38,,508,-36,,508,-37,,510,-36,,498,-37,,517,-34,,511,-37,,510,-36,,508,-32,,506,-36,,513,-34,,504,-29,,500,-34,,505,-36,,511,-36,,505,-34,,498,-35,
473,-23,,494,-35,,502,-36,,504,-38,,509,-36,,509,-37,,511,-36,,499,-37,,518,-34,,512,-37,,511,-36,,509,-32,,507,-36,,514,-34,,505,-29,,501,-34,,506,-36,,512,-36,,506,-34,,499,-36,
474,-23,,495,-35,,503,-35,,505,-37,,510,-36,,510,-37,,512,-36,,500,-37,,519,-34,,513,-37,,512,-36,,510,-32,,508,-36,,515,-34,,506,-29,,502,-34,,507,-36,,513,-35,,507,-34,,500,-36,
475,-23,,496,-35,,504,-35,,506,-37,,511,-36,,511,-37,,513,-36,,501,-37,,520,-34,,514,-37,,513,-36,,511,-32,,509,-36,,516,-34,,507,-29,,503,-34,,508,-36,,514,-35,,508,-34,,501,-35,
476,-23,,497,-34,,505,-35,,507,-37,,512,-36,,512,-37,,514,-36,,502,-37,,521,-33,,515,-37,,514,-36,,512,-32,,510,-36,,517,-34,,508,-29,,504,-34,,509,-35,,515,-35,,509,-34,,502,-35,
477,-23,,498,-34,,506,-35,,508,-37,,513,-36,,513,-37,,515,-36,,503,-37,,522,-33,,516,-37,,515,-35,,513,-32,,511,-36,,518,-34,,509,-29,,505,-34,,510,-35,,516,-35,,510,-33,,503,-35,
478,-23,,499,-34,,507,-35,,509,-37,,514,-35,,514,-37,,516,-36,,504,-37,,523,-33,,517,-36,,516,-35,,514,-33,,512,-36,,519,-34,,510,-29,,506,-33,,511,-35,,517,-35,,511,-33,,504,-35,
479,-23,,500,-34,,508,-35,,510,-37,,515,-35,,515,-37,,517,-36,,505,-37,,524,-33,,518,-36,,517,-35,,515,-33,,513,-36,,520,-34,,511,-29,,507,-33,,512,-35,,518,-35,,512,-33,,505,-35,
480,-23,,501,-33,,509,-35,,511,-37,,516,-35,,516,-37,,518,-36,,506,-37,,525,-33,,519,-36,,518,-36,,516,-33,,514,-36,,521,-34,,512,-29,,508,-33,,513,-35,,519,-35,,513,-33,,506,-35,
481,-23,,502,-34,,510,-35,,512,-37,,517,-35,,517,-37,,519,-36,,507,-37,,526,-33,,520,-36,,519,-36,,517,-33,,515,-36,,522,-34,,513,-29,,509,-33,,514,-36,,520,-35,,514,-34,,507,-35,
482,-25,,503,-33,,511,-35,,513,-37,,518,-35,,518,-37,,520,-36,,508,-37,,527,-33,,521,-36,,520,-36,,518,-34,,516,-36,,523,-34,,514,-30,,510,-33,,515,-36,,521,-35,,515,-34,,508,-35,
483,-26,,504,-34,,512,-35,,514,-37,,519,-35,,519,-37,,521,-38,,509,-37,,528,-33,,522,-36,,521,-36,,519,-35,,517,-36,,524,-34,,515,-30,,511,-33,,516,-37,,522,-36,,516,-34,,509,-35,
484,-27,,505,-35,,513,-39,,515,-40,,520,-38,,520,-40,,522,-41,,510,-38,,529,-37,,523,-36,,522,-39,,520,-37,,518,-38,,525,-36,,516,-34,,512,-34,,517,-40,,523,-40,,517,-37,,510,-37,
485,-31,,506,-38,,514,-42,,516,-44,,521,-41,,521,-44,,523,-45,,511,-40,,530,-39,,524,-37,,523,-42,,521,-40,,519,-42,,526,-40,,517,-38,,513,-36,,518,-43,,524,-43,,518,-40,,511,-41,
486,-35,,507,-41,,515,-46,,517,-47,,522,-44,,522,-48,,524,-48,,512,-45,,531,-43,,525,-39,,524,-46,,522,-44,,520,-46,,527,-43,,518,-41,,514,-40,,519,-47,,525,-46,,519,-43,,512,-44,
487,-37,,508,-45,,516,-49,,518,-51,,523,-48,,523,-50,,525,-51,,513,-48,,532,-47,,526,-41,,525,-49,,523,-47,,521,-49,,528,-47,,519,-44,,515,-44,,520,-51,,526,-50,,520,-46,,513,-48,
488,-40,,509,-49,,517,-52,,519,-54,,524,-50,,524,-53,,526,-53,,514,-52,,533,-50,,527,-43,,526,-52,,524,-51,,522,-51,,529,-50,,520,-47,,516,-47,,521,-53,,527,-53,,521,-49,,514,-51,
489,-43,,510,-52,,518,-54,,520,-56,,525,-54,,525,-56,,527,-56,,515,-54,,534,-53,,528,-45,,527,-54,,525,-53,,523,-52,,530,-52,,521,-49,,517,-50,,522,-55,,528,-55,,522,-52,,515,-53,
490,-43,,511,-54,,519,-55,,521,-57,,526,-55,,526,-58,,528,-57,,516,-56,,535,-55,,529,-46,,528,-55,,526,-54,,524,-54,,531,-54,,522,-51,,518,-53,,523,-56,,529,-57,,523,-54,,516,-55,
491,-43,,512,-55,,520,-55,,522,-57,,527,-55,,527,-58,,529,-57,,517,-57,,536,-54,,530,-47,,529,-55,,527,-55,,525,-55,,532,-54,,523,-52,,519,-55,,524,-55,,530,-56,,524,-55,,517,-55,
492,-43,,513,-54,,521,-54,,523,-56,,528,-54,,528,-57,,530,-56,,518,-56,,537,-54,,531,-50,,530,-54,,528,-54,,526,-54,,533,-55,,524,-51,,520,-54,,525,-55,,531,-55,,525,-54,,518,-55,
493,-41,,514,-53,,522,-53,,524,-54,,529,-53,,529,-56,,531,-55,,519,-55,,538,-52,,532,-53,,531,-53,,529,-53,,527,-52,,534,-54,,525,-50,,521,-54,,526,-53,,532,-54,,526,-53,,519,-55,
494,-40,,515,-52,,523,-51,,525,-53,,530,-52,,530,-55,,532,-54,,520,-54,,539,-51,,533,-53,,532,-53,,530,-52,,528,-51,,535,-53,,526,-48,,522,-52,,527,-52,,533,-53,,527,-52,,520,-53,
495,-39,,516,-51,,524,-49,,526,-52,,531,-51,,531,-53,,533,-53,,521,-52,,540,-50,,534,-55,,533,-52,,531,-51,,529,-50,,536,-51,,527,-47,,523,-51,,528,-51,,534,-52,,528,-51,,521,-52,
496,-38,,517,-50,,525,-49,,527,-50,,532,-50,,532,-52,,534,-52,,522,-51,,541,-48,,535,-55,,534,-51,,532,-50,,530,-50,,537,-50,,528,-46,,524,-50,,529,-50,,535,-51,,529,-50,,522,-51,
497,-37,,518,-49,,526,-48,,528,-50,,533,-48,,533,-51,,535,-51,,523,-50,,542,-48,,536,-55,,535,-49,,533,-49,,531,-49,,538,-49,,529,-45,,525,-49,,530,-49,,536,-50,,530,-49,,523,-50,
498,-37,,519,-48,,527,-48,,529,-49,,534,-47,,534,-50,,536,-50,,524,-50,,543,-47,,537,-54,,536,-49,,534,-48,,532,-48,,539,-48,,530,-45,,526,-48,,531,-49,,537,-50,,531,-48,,524,-49,
499,-37,,520,-47,,528,-48,,530,-49,,535,-47,,535,-50,,537,-50,,525,-49,,544,-46,,538,-53,,537,-48,,535,-48,,533,-48,,540,-48,,531,-44,,527,-47,,532,-48,,538,-49,,532,-48,,525,-49,
500,-37,,521,-47,,529,-47,,531,-49,,536,-46,,536,-49,,538,-49,,526,-49,,545,-46,,539,-53,,538,-48,,536,-48,,534,-47,,541,-47,,532,-44,,528,-46,,533,-48,,539,-49,,533,-47,,526,-48,
501,-37,,522,-47,,530,-47,,532,-48,,537,-46,,537,-49,,539,-49,,527,-49,,546,-46,,540,-52,,539,-48,,537,-47,,535,-47,,542,-47,,533,-44,,529,-46,,534,-48,,540,-49,,534,-47,,527,-48,
502,-37,,523,-46,,531,-47,,533,-48,,538,-46,,538,-49,,540,-49,,528,-49,,547,-46,,541,-51,,540,-48,,538,-47,,536,-47,,543,-47,,534,-44,,530,-46,,535,-48,,541,-49,,535,-47,,528,-48,
503,-37,,524,-46,,532,-47,,534,-48,,539,-46,,539,-49,,541,-49,,529,-49,,548,-46,,542,-50,,541,-48,,539,-47,,537,-48,,544,-46,,535,-44,,531,-46,,536,-48,,542,-49,,536,-47,,529,-48,
504,-37,,525,-46,,533,-48,,535,-48,,540,-46,,540,-49,,542,-49,,530,-50,,549,-46,,543,-50,,542,-48,,540,-48,,538,-48,,545,-46,,536,-44,,532,-46,,537,-48,,543,-49,,537,-47,,530,-48,
505,-37,,526,-46,,534,-48,,536,-49,,541,-46,,541,-50,,543,-50,,531,-50,,550,-46,,544,-49,,543,-48,,541,-48,,539,-48,,546,-47,,537,-44,,533,-46,,538,-49,,544,-49,,538,-47,,531,-48,
506,-37,,527,-47,,535,-48,,537,-49,,542,-46,,542,-50,,544,-50,,532,-50,,551,-46,,545,-49,,544,-49,,542,-48,,540,-48,,547,-47,,538,-45,,534,-46,,539,-49,,545,-49,,539,-48,,532,-48,
507,-38,,528,-47,,536,-48,,538,-49,,543,-47,,543,-50,,545,-50,,533,-50,,552,-46,,546,-49,,545,-49,,543,-48,,541,-48,,548,-47,,539,-45,,535,-46,,540,-49,,546,-50,,540,-48,,533,-48,
508,-38,,529,-47,,537,-49,,539,-49,,544,-47,,544,-50,,546,-50,,534,-51,,553,-46,,547,-49,,546,-49,,544,-49,,542,-49,,549,-47,,540,-45,,536,-47,,541,-49,,547,-50,,541,-48,,534,-48,
509,-38,,530,-47,,538,-49,,540,-49,,545,-47,,545,-50,,547,-50,,535,-51,,554,-47,,548,-49,,547,-49,,545,-49,,543,-49,,550,-48,,541,-45,,537,-47,,542,-50,,548,-50,,542,-48,,535,-49,
510,-38,,531,-47,,539,-49,,541,-50,,546,-47,,546,-51,,548,-51,,536,-51,,555,-47,,549,-49,,548,-49,,546,-49,,544,-49,,551,-48,,542,-45,,538,-47,,543,-50,,549,-50,,543,-49,,536,-49,
511,-39,,532,-48,,540,-49,,542,-50,,547,-48,,547,-51,,549,-51,,537,-52,,556,-47,,550,-49,,549,-50,,547,-49,,545,-50,,552,-48,,543,-46,,539,-47,,544,-50,,550,-51,,544,-49,,537,-49,
512,-39,,533,-48,,541,-49,,543,-50,,548,-48,,548,-51,,550,-51,,538,-52,,557,-47,,551,-49,,550,-50,,548,-49,,546,-50,,553,-48,,544,-46,,540,-48,,545,-50,,551,-51,,545,-49,,538,-49,
513,-39,,534,-48,,542,-50,,544,-50,,549,-48,,549,-51,,551,-51,,539,-52,,558,-47,,552,-49,,551,-50,,549,-49,,547,-50,,554,-48,,545,-46,,541,-48,,546,-50,,552,-51,,546,-49,,539,-49,
514,-39,,535,-48,,543,-50,,545,-50,,550,-48,,550,-52,,552,-51,,540,-52,,559,-48,,553,-49,,552,-50,,550,-49,,548,-50,,555,-48,,546,-46,,542,-48,,547,-50,,553,-51,,547,-49,,540,-50,
515,-39,,536,-48,,544,-50,,546,-50,,551,-49,,551,-51,,553,-51,,541,-52,,560,-48,,554,-49,,553,-50,,551,-49,,549,-50,,556,-49,,547,-46,,543,-48,,548,-50,,554,-51,,548,-49,,541,-50,
516,-39,,537,-48,,545,-50,,547,-50,,552,-49,,552,-51,,554,-51,,542,-52,,561,-48,,555,-49,,554,-50,,552,-49,,550,-50,,557,-49,,548,-46,,544,-48,,549,-50,,555,-51,,549,-49,,542,-50,
517,-39,,538,-48,,546,-50,,548,-50,,553,-49,,553,-51,,555,-51,,543,-52,,562,-48,,556,-49,,555,-50,,553,-49,,551,-50,,558,-49,,549,-46,,545,-48,,550,-50,,556,-51,,550,-49,,543,-50,
518,-39,,539,-48,,547,-50,,549,-50,,554,-49,,554,-52,,556,-51,,544,-52,,563,-48,,557,-49,,556,-50,,554,-49,,552,-50,,559,-49,,550,-46,,546,-48,,551,-50,,557,-51,,551,-49,,544,-50,
519,-39,,540,-48,,548,-50,,550,-50,,555,-49,,555,-51,,557,-51,,545,-52,,564,-48,,558,-50,,557,-50,,555,-49,,553,-50,,560,-48,,551,-46,,547,-48,,552,-50,,558,-51,,552,-49,,545,-50,
520,-38,,541,-48,,549,-50,,551,-50,,556,-49,,556,-52,,558,-51,,546,-52,,565,-48,,559,-50,,558,-50,,556,-49,,554,-50,,561,-48,,552,-46,,548,-48,,553,-50,,559,-51,,553,-49,,546,-50,
521,-38,,542,-48,,550,-50,,552,-51,,557,-49,,557,-52,,559,-51,,547,-52,,566,-48,,560,-50,,559,-50,,557,-49,,555,-50,,562,-48,,553,-46,,549,-48,,554,-50,,560,-51,,554,-49,,547,-50,
522,-38,,543,-48,,551,-50,,553,-51,,558,-49,,558,-51,,560,-51,,548,-52,,567,-48,,561,-50,,560,-50,,558,-49,,556,-50,,563,-48,,554,-46,,550,-48,,555,-50,,561,-51,,555,-49,,548,-50,
523,-38,,544,-48,,552,-50,,554,-51,,559,-49,,559,-51,,561,-51,,549,-52,,568,-48,,562,-50,,561,-50,,559,-49,,557,-50,,564,-48,,555,-46,,551,-48,,556,-50,,562,-51,,556,-49,,549,-50,
524,-38,,545,-48,,553,-50,,555,-51,,560,-49,,560,-52,,562,-51,,550,-52,,569,-48,,563,-50,,562,-50,,560,-49,,558,-50,,565,-48,,556,-46,,552,-48,,557,-50,,563,-51,,557,-49,,550,-50,
525,-38,,546,-48,,554,-50,,556,-51,,561,-49,,561,-52,,563,-51,,551,-52,,570,-48,,564,-50,,563,-50,,561,-49,,559,-50,,566,-48,,557,-46,,553,-48,,558,-50,,564,-51,,558,-49,,551,-50,
526,-38,,547,-48,,555,-50,,557,-51,,562,-49,,562,-52,,564,-51,,552,-52,,571,-48,,565,-50,,564,-50,,562,-49,,560,-50,,567,-48,,558,-46,,554,-48,,559,-50,,565,-51,,559,-49,,552,-50,
527,-38,,548,-48,,556,-50,,558,-51,,563,-49,,563,-52,,565,-51,,553,-52,,572,-48,,566,-50,,565,-50,,563,-49,,561,-50,,568,-48,,559,-46,,555,-48,,560,-50,,566,-51,,560,-49,,553,-50,
528,-39,,549,-48,,557,-50,,559,-51,,564,-49,,564,-52,,566,-51,,554,-52,,573,-48,,567,-50,,566,-50,,564,-49,,562,-50,,569,-48,,560,-46,,556,-48,,561,-50,,567,-51,,561,-49,,554,-50,
529,-39,,550,-48,,558,-50,,560,-51,,565,-49,,565,-52,,567,-51,,555,-52,,574,-48,,568,-49,,567,-50,,565,-49,,563,-50,,570,-49,,561,-46,,557,-48,,562,-50,,568,-51,,562,-49,,555,-50,
530,-39,,551,-48,,559,-50,,561,-52,,566,-49,,566,-52,,568,-51,,556,-52,,575,-48,,569,-49,,568,-50,,566,-49,,564,-50,,571,-49,,562,-46,,558,-48,,563,-50,,569,-51,,563,-49,,556,-50,
531,-39,,552,-48,,560,-50,,562,-52,,567,-49,,567,-52,,569,-51,,557,-53,,576,-48,,570,-49,,569,-50,,567,-49,,565,-50,,572,-49,,563,-46,,559,-49,,564,-50,,570,-51,,564,-49,,557,-50,
532,-39,,553,-48,,561,-50,,563,-51,,568,-49,,568,-52,,570,-51,,558,-53,,577,-48,,571,-49,,570,-50,,568,-49,,566,-50,,573,-49,,564,-46,,560,-49,,565,-50,,571,-51,,565,-49,,558,-50,
533,-39,,554,-48,,562,-50,,564,-51,,569,-49,,569,-52,,571,-51,,559,-53,,578,-48,,572,-49,,571,-50,,569,-49,,567,-50,,574,-49,,565,-46,,561,-49,,566,-50,,572,-51,,566,-49,,559,-50,
534,-39,,555,-48,,563,-50,,565,-51,,570,-49,,570,-52,,572,-51,,560,-54,,579,-48,,573,-49,,572,-50,,570,-49,,568,-50,,575,-49,,566,-46,,562,-49,,567,-50,,573,-51,,567,-49,,560,-50,
535,-39,,556,-48,,564,-50,,566,-51,,571,-49,,571,-52,,573,-51,,561,-54,,580,-48,,574,-49,,573,-50,,571,-49,,569,-50,,576,-49,,567,-46,,563,-49,,568,-50,,574,-51,,568,-49,,561,-50,
536,-39,,557,-48,,565,-50,,567,-51,,572,-49,,572,-52,,574,-51,,562,-54,,581,-47,,575,-50,,574,-50,,572,-49,,570,-50,,577,-49,,568,-46,,564,-49,,569,-50,,575,-51,,569,-49,,562,-50,
537,-39,,558,-48,,566,-50,,568,-51,,573,-49,,573,-52,,575,-51,,563,-53,,582,-47,,576,-50,,575,-50,,573,-49,,571,-50,,578,-49,,569,-46,,565,-49,,570,-50,,576,-51,,570,-49,,563,-50,
538,-39,,559,-48,,567,-50,,569,-51,,574,-49,,574,-52,,576,-51,,564,-53,,583,-47,,577,-50,,576,-50,,574,-49,,572,-50,,579,-49,,570,-46,,566,-49,,571,-50,,577,-51,,571,-49,,564,-50,
539,-39,,560,-48,,568,-49,,570,-51,,575,-49,,575,-52,,577,-51,,565,-53,,584,-47,,578,-50,,577,-50,,575,-49,,573,-50,,580,-49,,571,-46,,567,-49,,572,-50,,578,-50,,572,-49,,565,-50,
540,-38,,561,-48,,569,-49,,571,-50,,576,-48,,576,-51,,578,-51,,566,-52,,585,-47,,579,-50,,578,-50,,576,-49,,574,-50,,581,-49,,572,-46,,568,-48,,573,-49,,579,-50,,573,-49,,566,-50,
541,-38,,562,-48,,570,-49,,572,-50,,577,-48,,577,-51,,579,-50,,567,-51,,586,-47,,580,-50,,579,-50,,577,-49,,575,-49,,582,-48,,573,-45,,569,-48,,574,-49,,580,-50,,574,-49,,567,-49,
542,-38,,563,-47,,571,-49,,573,-49,,578,-48,,578,-50,,580,-50,,568,-51,,587,-46,,581,-50,,580,-49,,578,-48,,576,-49,,583,-48,,574,-45,,570,-48,,575,-49,,581,-49,,575,-48,,568,-49,
543,-37,,564,-47,,572,-48,,574,-49,,579,-47,,579,-50,,581,-49,,569,-50,,588,-46,,582,-50,,581,-49,,579,-48,,577,-49,,584,-48,,575,-45,,571,-47,,576,-48,,582,-49,,576,-48,,569,-49,
544,-37,,565,-47,,573,-48,,575,-48,,580,-47,,580,-49,,582,-49,,570,-49,,589,-45,,583,-50,,582,-48,,580,-47,,578,-48,,585,-47,,576,-44,,572,-47,,577,-47,,583,-48,,577,-47,,570,-48,
545,-36,,566,-46,,574,-47,,576,-47,,581,-46,,581,-49,,583,-48,,571,-48,,590,-45,,584,-49,,583,-48,,581,-46,,579,-48,,586,-46,,577,-43,,573,-46,,578,-47,,584,-47,,578,-47,,571,-47,
546,-36,,567,-45,,575,-46,,577,-47,,582,-45,,582,-48,,584,-47,,572,-47,,591,-44,,585,-49,,584,-47,,582,-45,,580,-47,,587,-46,,578,-42,,574,-45,,579,-46,,585,-46,,579,-46,,572,-47,
547,-35,,568,-45,,576,-46,,578,-46,,583,-44,,583,-47,,585,-46,,573,-46,,592,-43,,586,-49,,585,-46,,583,-44,,581,-46,,588,-45,,579,-42,,575,-44,,580,-45,,586,-46,,580,-45,,573,-46,
548,-34,,569,-44,,577,-45,,579,-45,,584,-44,,584,-46,,586,-46,,574,-45,,593,-43,,587,-49,,586,-45,,584,-43,,582,-45,,589,-44,,580,-41,,576,-43,,581,-44,,587,-45,,581,-44,,574,-45,
549,-33,,570,-43,,578,-44,,580,-44,,585,-43,,585,-45,,587,-45,,575,-44,,594,-42,,588,-48,,587,-44,,585,-43,,583,-45,,590,-43,,581,-40,,577,-42,,582,-43,,588,-44,,582,-43,,575,-44,
550,-32,,571,-42,,579,-43,,581,-44,,586,-42,,586,-45,,588,-44,,576,-44,,595,-41,,589,-48,,588,-44,,586,-42,,584,-44,,591,-43,,582,-39,,578,-42,,583,-43,,589,-43,,583,-43,,576,-43,
551,-32,,572,-42,,580,-43,,582,-43,,587,-42,,587,-44,,589,-44,,577,-43,,596,-41,,590,-47,,589,-43,,587,-41,,585,-43,,592,-42,,583,-39,,579,-41,,584,-42,,590,-43,,584,-42,,577,-43,
552,-31,,573,-41,,581,-42,,583,-43,,588,-41,,588,-44,,590,-43,,578,-43,,597,-40,,591,-47,,590,-42,,588,-40,,586,-42,,593,-41,,584,-38,,580,-40,,585,-42,,591,-42,,585,-41,,578,-42,
553,-31,,574,-41,,582,-42,,584,-42,,589,-41,,589,-43,,591,-43,,579,-42,,598,-40,,592,-46,,591,-42,,589,-40,,587,-42,,594,-41,,585,-38,,581,-40,,586,-41,,592,-42,,586,-41,,579,-42,
554,-30,,575,-40,,583,-42,,585,-42,,590,-40,,590,-43,,592,-43,,580,-42,,599,-40,,593,-46,,592,-42,,590,-40,,588,-41,,595,-41,,586,-37,,582,-39,,587,-41,,593,-42,,587,-40,,580,-41,
555,-30,,576,-40,,584,-41,,586,-42,,591,-40,,591,-43,,593,-43,,581,-42,,600,-40,,594,-45,,593,-41,,591,-39,,589,-41,,596,-40,,587,-37,,583,-39,,588,-41,,594,-42,,588,-40,,581,-41,
556,-30,,577,-40,,585,-41,,587,-42,,592,-40,,592,-43,,594,-43,,582,-42,,601,-40,,595,-45,,594,-41,,592,-39,,590,-41,,597,-40,,588,-37,,584,-39,,589,-41,,595,-42,,589,-40,,582,-41,
557,-30,,578,-40,,586,-41,,588,-42,,593,-40,,593,-43,,595,-43,,583,-42,,602,-40,,596,-44,,595,-41,,593,-39,,591,-41,,598,-40,,589,-37,,585,-39,,590,-41,,596,-42,,590,-40,,583,-41,
558,-30,,579,-40,,587,-41,,589,-42,,594,-40,,594,-43,,596,-43,,584,-42,,603,-40,,597,-44,,596,-41,,594,-39,,592,-41,,599,-40,,590,-37,,586,-39,,591,-41,,597,-42,,591,-40,,584,-41,
559,-30,,580,-40,,588,-41,,590,-42,,595,-40,,595,-43,,597,-43,,585,-42,,604,-40,,598,-44,,597,-41,,595,-39,,593,-41,,600,-40,,591,-37,,587,-39,,592,-41,,598,-42,,592,-40,,585,-41,
560,-30,,581,-40,,589,-42,,591,-42,,596,-41,,596,-43,,598,-43,,586,-42,,605,-40,,599,-44,,598,-41,,596,-40,,594,-41,,601,-40,,592,-37,,588,-39,,593,-41,,599,-42,,593,-40,,586,-41,
561,-30,,582,-40,,590,-42,,592,-42,,597,-41,,597,-43,,599,-43,,587,-42,,606,-40,,600,-44,,599,-41,,597,-40,,595,-41,,602,-40,,593,-37,,589,-39,,594,-41,,600,-42,,594,-40,,587,-41,
562,-30,,583,-40,,591,-42,,593,-42,,598,-41,,598,-43,,600,-43,,588,-42,,607,-40,,601,-44,,600,-42,,598,-40,,596,-41,,603,-41,,594,-37,,590,-39,,595,-42,,601,-42,,595,-40,,588,-41,
563,-31,,584,-40,,592,-42,,594,-42,,599,-41,,599,-43,,601,-43,,589,-42,,608,-40,,602,-44,,601,-42,,599,-40,,597,-41,,604,-41,,595,-37,,591,-39,,596,-42,,602,-42,,596,-41,,589,-41,
564,-31,,585,-40,,593,-42,,595,-43,,600,-41,,600,-43,,602,-43,,590,-42,,609,-40,,603,-44,,602,-42,,600,-40,,598,-42,,605,-41,,596,-38,,592,-39,,597,-42,,603,-42,,597,-41,,590,-41,
565,-31,,586,-40,,594,-42,,596,-43,,601,-41,,601,-43,,603,-43,,591,-42,,610,-40,,604,-44,,603,-42,,601,-40,,599,-42,,606,-41,,597,-38,,593,-39,,598,-42,,604,-42,,598,-41,,591,-42,
566,-31,,587,-40,,595,-42,,597,-43,,602,-41,,602,-43,,604,-43,,592,-42,,611,-41,,605,-44,,604,-42,,602,-40,,600,-42,,607,-41,,598,-38,,594,-39,,599,-42,,605,-42,,599,-41,,592,-42,
567,-31,,588,-40,,596,-42,,598,-43,,603,-41,,603,-44,,605,-43,,593,-43,,612,-41,,606,-44,,605,-42,,603,-40,,601,-42,,608,-41,,599,-38,,595,-40,,600,-42,,606,-42,,600,-41,,593,-42,
568,-31,,589,-41,,597,-42,,599,-43,,604,-41,,604,-44,,606,-43,,594,-43,,613,-41,,607,-44,,606,-42,,604,-40,,602,-42,,609,-41,,600,-38,,596,-40,,601,-42,,607,-43,,601,-41,,594,-42,
569,-31,,590,-41,,598,-42,,600,-43,,605,-41,,605,-44,,607,-44,,595,-43,,614,-41,,608,-44,,607,-42,,605,-40,,603,-42,,610,-41,,601,-38,,597,-40,,602,-42,,608,-43,,602,-41,,595,-42,
570,-31,,591,-41,,599,-43,,601,-43,,606,-42,,606,-44,,608,-44,,596,-43,,615,-41,,609,-44,,608,-42,,606,-40,,604,-42,,611,-41,,602,-38,,598,-40,,603,-42,,609,-43,,603,-41,,596,-42,
571,-32,,592,-41,,600,-43,,602,-44,,607,-42,,607,-44,,609,-44,,597,-43,,616,-41,,610,-44,,609,-43,,607,-41,,605,-42,,612,-42,,603,-38,,599,-40,,604,-43,,610,-43,,604,-41,,597,-42,
572,-32,,593,-41,,601,-43,,603,-44,,608,-42,,608,-45,,610,-44,,598,-44,,617,-42,,611,-44,,610,-43,,608,-41,,606,-43,,613,-42,,604,-39,,600,-41,,605,-43,,611,-43,,605,-42,,598,-43,
573,-32,,594,-41,,602,-43,,604,-44,,609,-42,,609,-45,,611,-45,,599,-44,,618,-42,,612,-44,,611,-43,,609,-41,,607,-43,,614,-42,,605,-39,,601,-41,,606,-43,,612,-44,,606,-42,,599,-43,
574,-32,,595,-42,,603,-43,,605,-45,,610,-43,,610,-45,,612,-45,,600,-44,,619,-42,,613,-44,,612,-43,,610,-42,,608,-43,,615,-43,,606,-39,,602,-41,,607,-44,,613,-44,,607,-42,,600,-43,
575,-33,,596,-42,,604,-44,,606,-45,,611,-43,,611,-46,,613,-45,,601,-45,,620,-42,,614,-45,,613,-44,,611,-42,,609,-43,,616,-43,,607,-40,,603,-41,,608,-44,,614,-44,,608,-43,,601,-44,
576,-33,,597,-42,,605,-44,,607,-45,,612,-43,,612,-46,,614,-46,,602,-45,,621,-43,,615,-45,,614,-44,,612,-43,,610,-44,,617,-43,,608,-40,,604,-42,,609,-44,,615,-45,,609,-43,,602,-44,
577,-33,,598,-43,,606,-44,,608,-46,,613,-44,,613,-46,,615,-46,,603,-45,,622,-43,,616,-45,,615,-45,,613,-43,,611,-44,,618,-44,,609,-40,,605,-42,,610,-45,,616,-45,,610,-43,,603,-44,
578,-34,,599,-43,,607,-45,,609,-46,,614,-44,,614,-47,,616,-47,,604,-46,,623,-44,,617,-45,,616,-45,,614,-43,,612,-44,,619,-44,,610,-41,,606,-43,,611,-45,,617,-46,,611,-44,,604,-45,
579,-34,,600,-43,,608,-45,,610,-46,,615,-44,,615,-47,,617,-47,,605,-46,,624,-44,,618,-45,,617,-45,,615,-44,,613,-45,,620,-44,,611,-41,,607,-43,,612,-46,,618,-46,,612,-44,,605,-45,
580,-35,,601,-44,,609,-46,,611,-47,,616,-45,,616,-48,,618,-48,,606,-47,,625,-44,,619,-46,,618,-46,,616,-44,,614,-45,,621,-45,,612,-42,,608,-44,,613,-46,,619,-46,,613,-45,,606,-46,
581,-35,,602,-44,,610,-46,,612,-47,,617,-45,,617,-48,,619,-48,,607,-47,,626,-45,,620,-46,,619,-46,,617,-45,,615,-46,,622,-45,,613,-42,,609,-44,,614,-47,,620,-47,,614,-45,,607,-46,
582,-35,,603,-44,,611,-46,,613,-48,,618,-46,,618,-49,,620,-48,,608,-48,,627,-45,,621,-46,,620,-47,,618,-45,,616,-46,,623,-46,,614,-43,,610,-45,,615,-47,,621,-47,,615,-45,,608,-46,
583,-36,,604,-45,,612,-47,,614,-48,,619,-46,,619,-49,,621,-49,,609,-48,,628,-45,,622,-47,,621,-47,,619,-46,,617,-47,,624,-46,,615,-43,,611,-45,,616,-47,,622,-48,,616,-46,,609,-47,
584,-36,,605,-45,,613,-47,,615,-48,,620,-46,,620,-49,,622,-49,,610,-49,,629,-46,,623,-47,,622,-47,,620,-46,,618,-47,,625,-46,,616,-43,,612,-46,,617,-48,,623,-48,,617,-46,,610,-47,
585,-37,,606,-46,,614,-48,,616,-49,,621,-47,,621,-50,,623,-49,,611,-49,,630,-46,,624,-47,,623,-48,,621,-47,,619,-47,,626,-47,,617,-44,,613,-46,,618,-48,,624,-48,,618,-47,,611,-48,
586,-37,,607,-46,,615,-48,,617,-49,,622,-47,,622,-50,,624,-50,,612,-50,,631,-46,,625,-47,,624,-48,,622,-47,,620,-48,,627,-47,,618,-44,,614,-46,,619,-49,,625,-49,,619,-47,,612,-48,
587,-37,,608,-46,,616,-48,,618,-49,,623,-47,,623,-50,,625,-50,,613,-50,,632,-46,,626,-48,,625,-48,,623,-48,,621,-48,,628,-47,,619,-44,,615,-47,,620,-49,,626,-49,,620,-47,,613,-48,
588,-37,,609,-47,,617,-48,,619,-50,,624,-48,,624,-51,,626,-50,,614,-50,,633,-47,,627,-48,,626,-49,,624,-48,,622,-48,,629,-47,,620,-45,,616,-47,,621,-49,,627,-49,,621,-48,,614,-49,
589,-38,,610,-47,,618,-48,,620,-50,,625,-48,,625,-51,,627,-50,,615,-51,,634,-47,,628,-48,,627,-49,,625,-48,,623,-49,,630,-48,,621,-45,,617,-47,,622,-49,,628,-50,,622,-48,,615,-49,
590,-38,,611,-47,,619,-49,,621,-50,,626,-48,,626,-51,,628,-51,,616,-51,,635,-47,,629,-48,,628,-49,,626,-49,,624,-49,,631,-48,,622,-45,,618,-48,,623,-50,,629,-50,,623,-48,,616,-49,
591,-38,,612,-47,,620,-49,,622,-50,,627,-48,,627,-51,,629,-51,,617,-51,,636,-47,,630,-49,,629,-49,,627,-49,,625,-49,,632,-48,,623,-45,,619,-48,,624,-50,,630,-50,,624,-48,,617,-49,
592,-38,,613,-48,,621,-49,,623,-50,,628,-48,,628,-51,,630,-51,,618,-51,,637,-47,,631,-49,,630,-49,,628,-49,,626,-49,,633,-48,,624,-45,,620,-48,,625,-50,,631,-50,,625,-48,,618,-49,
593,-38,,614,-48,,622,-49,,624,-50,,629,-48,,629,-51,,631,-51,,619,-51,,638,-47,,632,-49,,631,-50,,629,-49,,627,-49,,634,-48,,625,-46,,621,-48,,626,-50,,632,-50,,626,-48,,619,-49,
594,-38,,615,-48,,623,-49,,625,-50,,630,-48,,630,-51,,632,-51,,620,-51,,639,-47,,633,-49,,632,-50,,630,-49,,628,-49,,635,-48,,626,-46,,622,-48,,627,-50,,633,-50,,627,-49,,620,-49,
595,-38,,616,-48,,624,-49,,626,-50,,631,-48,,631,-51,,633,-51,,621,-51,,640,-47,,634,-49,,633,-50,,631,-49,,629,-49,,636,-48,,627,-46,,623,-48,,628,-50,,634,-50,,628,-49,,621,-49,
596,-38,,617,-48,,625,-49,,627,-50,,632,-48,,632,-51,,634,-51,,622,-51,,641,-47,,635,-49,,634,-50,,632,-49,,630,-49,,637,-48,,628,-46,,624,-48,,629,-50,,635,-50,,629,-48,,622,-49,
597,-38,,618,-48,,626,-49,,628,-50,,633,-48,,633,-51,,635,-51,,623,-51,,642,-47,,636,-49,,635,-50,,633,-49,,631,-49,,638,-48,,629,-46,,625,-48,,630,-50,,636,-50,,630,-48,,623,-49,
598,-38,,619,-48,,627,-49,,629,-50,,634,-48,,634,-51,,636,-51,,624,-51,,643,-47,,637,-49,,636,-50,,634,-49,,632,-49,,639,-48,,630,-45,,626,-48,,631,-50,,637,-50,,631,-48,,624,-49,
599,-38,,620,-48,,628,-49,,630,-50,,635,-48,,635,-51,,637,-51,,625,-51,,644,-47,,638,-49,,637,-50,,635,-49,,633,-49,,640,-48,,631,-45,,627,-48,,632,-50,,638,-50,,632,-48,,625,-49,
600,-38,,621,-48,,629,-49,,631,-50,,636,-48,,636,-51,,638,-51,,626,-51,,645,-47,,639,-49,,638,-50,,636,-49,,634,-49,,641,-48,,632,-45,,628,-48,,633,-50,,639,-50,,633,-48,,626,-49,
601,-38,,622,-48,,630,-49,,632,-50,,637,-48,,637,-51,,639,-51,,627,-51,,646,-47,,640,-49,,639,-50,,637,-49,,635,-49,,642,-48,,633,-45,,629,-48,,634,-50,,640,-50,,634,-48,,627,-49,
602,-38,,623,-48,,631,-49,,633,-50,,638,-48,,638,-51,,640,-51,,628,-51,,647,-47,,641,-49,,640,-50,,638,-49,,636,-49,,643,-48,,634,-46,,630,-48,,635,-50,,641,-50,,635,-48,,628,-49,
603,-38,,624,-48,,632,-49,,634,-50,,639,-48,,639,-51,,641,-51,,629,-51,,648,-47,,642,-49,,641,-50,,639,-49,,637,-49,,644,-48,,635,-46,,631,-48,,636,-50,,642,-50,,636,-48,,629,-49,
604,-38,,625,-48,,633,-49,,635,-50,,640,-48,,640,-51,,642,-51,,630,-51,,649,-47,,643,-49,,642,-50,,640,-49,,638,-49,,645,-48,,636,-46,,632,-48,,637,-50,,643,-50,,637,-49,,630,-49,
605,-38,,626,-48,,634,-49,,636,-50,,641,-48,,641,-51,,643,-51,,631,-51,,650,-47,,644,-49,,643,-50,,641,-49,,639,-49,,646,-48,,637,-46,,633,-48,,638,-50,,644,-50,,638,-49,,631,-49,
606,-38,,627,-48,,635,-49,,637,-50,,642,-48,,642,-51,,644,-51,,632,-51,,651,-47,,645,-49,,644,-50,,642,-49,,640,-49,,647,-48,,638,-46,,634,-48,,639,-50,,645,-50,,639,-49,,632,-49,
607,-38,,628,-48,,636,-49,,638,-50,,643,-48,,643,-51,,645,-51,,633,-51,,652,-47,,646,-49,,645,-50,,643,-49,,641,-49,,648,-48,,639,-46,,635,-48,,640,-50,,646,-50,,640,-49,,633,-49,
608,-38,,629,-48,,637,-49,,639,-50,,644,-48,,644,-51,,646,-51,,634,-51,,653,-47,,647,-49,,646,-50,,644,-49,,642,-49,,649,-48,,640,-46,,636,-48,,641,-50,,647,-50,,641,-49,,634,-49,
609,-38,,630,-48,,638,-49,,640,-50,,645,-48,,645,-51,,647,-51,,635,-51,,654,-47,,648,-49,,647,-50,,645,-49,,643,-49,,650,-48,,641,-46,,637,-48,,642,-50,,648,-50,,642,-49,,635,-49,
610,-38,,631,-48,,639,-49,,641,-50,,646,-48,,646,-51,,648,-51,,636,-51,,655,-47,,649,-49,,648,-50,,646,-49,,644,-49,,651,-48,,642,-46,,638,-48,,643,-50,,649,-50,,643,-49,,636,-49,
611,-38,,632,-48,,640,-49,,642,-50,,647,-48,,647,-51,,649,-51,,637,-51,,656,-47,,650,-49,,649,-50,,647,-49,,645,-49,,652,-48,,643,-46,,639,-48,,644,-50,,650,-50,,644,-49,,637,-49,
612,-38,,633,-48,,641,-49,,643,-50,,648,-48,,648,-51,,650,-51,,638,-51,,657,-47,,651,-49,,650,-50,,648,-49,,646,-49,,653,-48,,644,-46,,640,-48,,645,-50,,651,-50,,645,-49,,638,-49,
613,-38,,634,-48,,642,-49,,644,-50,,649,-48,,649,-51,,651,-51,,639,-51,,658,-47,,652,-49,,651,-50,,649,-49,,647,-49,,654,-48,,645,-46,,641,-48,,646,-50,,652,-50,,646,-49,,639,-49,
614,-38,,635,-48,,643,-49,,645,-50,,650,-48,,650,-51,,652,-51,,640,-51,,659,-47,,653,-49,,652,-50,,650,-49,,648,-49,,655,-48,,646,-46,,642,-48,,647,-50,,653,-50,,647,-49,,640,-49,
615,-38,,636,-48,,644,-49,,646,-50,,651,-48,,651,-51,,653,-51,,641,-51,,660,-47,,654,-49,,653,-50,,651,-49,,649,-50,,656,-48,,647,-46,,643,-48,,648,-50,,654,-50,,648,-49,,641,-49,
616,-38,,637,-48,,645,-49,,647,-50,,652,-48,,652,-51,,654,-51,,642,-51,,661,-47,,655,-49,,654,-50,,652,-49,,650,-50,,657,-48,,648,-46,,644,-48,,649,-50,,655,-50,,649,-49,,642,-49,
617,-38,,638,-48,,646,-49,,648,-50,,653,-48,,653,-51,,655,-51,,643,-51,,662,-47,,656,-49,,655,-50,,653,-49,,651,-50,,658,-48,,649,-46,,645,-48,,650,-50,,656,-50,,650,-49,,643,-49,
618,-38,,639,-48,,647,-49,,649,-50,,654,-48,,654,-51,,656,-51,,644,-51,,663,-47,,657,-49,,656,-50,,654,-49,,652,-50,,659,-48,,650,-46,,646,-48,,651,-50,,657,-50,,651,-49,,644,-49,
619,-38,,640,-48,,648,-49,,650,-50,,655,-48,,655,-51,,657,-51,,645,-51,,664,-47,,658,-49,,657,-50,,655,-49,,653,-50,,660,-48,,651,-46,,647,-48,,652,-50,,658,-50,,652,-49,,645,-49,
620,-38,,641,-48,,649,-49,,651,-50,,656,-48,,656,-51,,658,-51,,646,-51,,665,-47,,659,-49,,658,-50,,656,-49,,654,-49,,661,-48,,652,-46,,648,-48,,653,-50,,659,-50,,653,-49,,646,-49,
621,-38,,642,-48,,650,-49,,652,-50,,657,-48,,657,-51,,659,-51,,647,-51,,666,-47,,660,-49,,659,-50,,657,-49,,655,-50,,662,-48,,653,-46,,649,-48,,654,-50,,660,-50,,654,-49,,647,-49,
622,-38,,643,-48,,651,-49,,653,-50,,658,-48,,658,-51,,660,-51,,648,-51,,667,-47,,661,-49,,660,-49,,658,-49,,656,-50,,663,-48,,654,-46,,650,-48,,655,-49,,661,-50,,655,-49,,648,-49,
623,-38,,644,-48,,652,-49,,654,-50,,659,-48,,659,-51,,661,-51,,649,-51,,668,-47,,662,-49,,661,-49,,659,-49,,657,-49,,664,-48,,655,-46,,651,-48,,656,-49,,662,-50,,656,-49,,649,-49,
624,-38,,645,-48,,653,-49,,655,-50,,660,-48,,660,-51,,662,-50,,650,-51,,669,-47,,663,-49,,662,-49,,660,-49,,658,-49,,665,-48,,656,-46,,652,-48,,657,-49,,663,-50,,657,-49,,650,-49,
625,-38,,646,-47,,654,-49,,656,-50,,661,-48,,661,-51,,663,-50,,651,-51,,670,-47,,664,-49,,663,-49,,661,-48,,659,-49,,666,-48,,657,-46,,653,-48,,658,-49,,664,-50,,658,-48,,651,-49,
626,-38,,647,-47,,655,-48,,657,-50,,662,-48,,662,-50,,664,-50,,652,-51,,671,-47,,665,-49,,664,-49,,662,-48,,660,-49,,667,-48,,658,-45,,654,-48,,659,-49,,665,-50,,659,-48,,652,-49,
627,-38,,648,-47,,656,-48,,658,-49,,663,-48,,663,-50,,665,-50,,653,-51,,672,-46,,666,-49,,665,-49,,663,-48,,661,-49,,668,-48,,659,-45,,655,-47,,660,-49,,666,-50,,660,-48,,653,-49,
628,-37,,649,-47,,657,-48,,659,-49,,664,-47,,664,-50,,666,-49,,654,-50,,673,-46,,667,-49,,666,-49,,664,-48,,662,-49,,669,-47,,660,-45,,656,-47,,661,-48,,667,-49,,661,-48,,654,-48,
629,-37,,650,-46,,658,-48,,660,-49,,665,-47,,665,-49,,667,-49,,655,-50,,674,-46,,668,-49,,667,-48,,665,-47,,663,-48,,670,-47,,661,-45,,657,-47,,662,-48,,668,-49,,662,-47,,655,-48,
630,-37,,651,-46,,659,-47,,661,-48,,666,-47,,666,-49,,668,-48,,656,-50,,675,-45,,669,-49,,668,-48,,666,-47,,664,-48,,671,-46,,662,-44,,658,-46,,663,-47,,669,-48,,663,-47,,656,-48,
631,-36,,652,-46,,660,-47,,662,-48,,667,-46,,667,-48,,669,-48,,657,-49,,676,-45,,670,-49,,669,-47,,667,-47,,665,-48,,672,-46,,663,-44,,659,-46,,664,-47,,670,-48,,664,-47,,657,-47,
632,-36,,653,-45,,661,-47,,663,-48,,668,-46,,668,-48,,670,-48,,658,-49,,677,-44,,671,-48,,670,-47,,668,-46,,666,-47,,673,-46,,664,-43,,660,-46,,665,-46,,671,-47,,665,-46,,658,-47,
633,-35,,654,-45,,662,-46,,664,-47,,669,-45,,669,-48,,671,-47,,659,-48,,678,-44,,672,-48,,671,-47,,669,-45,,667,-47,,674,-45,,665,-43,,661,-45,,666,-46,,672,-47,,666,-46,,659,-46,
634,-35,,655,-44,,663,-46,,665,-47,,670,-45,,670,-47,,672,-47,,660,-48,,679,-44,,673,-48,,672,-46,,670,-45,,668,-46,,675,-45,,666,-42,,662,-44,,667,-45,,673,-46,,667,-45,,660,-46,
635,-34,,656,-44,,664,-45,,666,-46,,671,-44,,671,-47,,673,-46,,661,-47,,680,-43,,674,-48,,673,-46,,671,-44,,669,-46,,676,-44,,667,-42,,663,-44,,668,-45,,674,-46,,668,-45,,661,-45,
636,-34,,657,-44,,665,-45,,667,-46,,672,-44,,672,-46,,674,-46,,662,-47,,681,-43,,675,-47,,674,-45,,672,-44,,670,-45,,677,-44,,668,-41,,664,-44,,669,-45,,675,-45,,669,-44,,662,-45,
637,-33,,658,-43,,666,-45,,668,-46,,673,-44,,673,-46,,675,-46,,663,-46,,682,-43,,676,-47,,675,-45,,673,-43,,671,-45,,678,-44,,669,-41,,665,-43,,670,-44,,676,-45,,670,-44,,663,-45,
638,-33,,659,-43,,667,-44,,669,-45,,674,-43,,674,-46,,676,-45,,664,-46,,683,-43,,677,-47,,676,-45,,674,-43,,672,-45,,679,-43,,670,-41,,666,-43,,671,-44,,677,-45,,671,-44,,664,-44,
639,-33,,660,-43,,668,-44,,670,-45,,675,-43,,675,-46,,677,-45,,665,-46,,684,-42,,678,-46,,677,-44,,675,-43,,673,-44,,680,-43,,671,-40,,667,-42,,672,-44,,678,-44,,672,-43,,665,-44,
640,-33,,661,-42,,669,-44,,671,-45,,676,-43,,676,-46,,678,-45,,666,-45,,685,-42,,679,-46,,678,-44,,676,-43,,674,-44,,681,-43,,672,-40,,668,-42,,673,-44,,679,-44,,673,-43,,666,-44,
641,-33,,662,-42,,670,-44,,672,-45,,677,-43,,677,-46,,679,-45,,667,-45,,686,-42,,680,-46,,679,-44,,677,-43,,675,-44,,682,-43,,673,-40,,669,-42,,674,-44,,680,-44,,674,-43,,667,-44,
642,-33,,663,-42,,671,-44,,673,-45,,678,-43,,678,-46,,680,-45,,668,-45,,687,-42,,681,-46,,680,-44,,678,-43,,676,-44,,683,-43,,674,-40,,670,-42,,675,-44,,681,-44,,675,-43,,668,-44,
643,-33,,664,-42,,672,-44,,674,-45,,679,-43,,679,-46,,681,-45,,669,-45,,688,-42,,682,-46,,681,-44,,679,-43,,677,-44,,684,-43,,675,-40,,671,-42,,676,-44,,682,-44,,676,-43,,669,-44,
644,-33,,665,-42,,673,-44,,675,-45,,680,-43,,680,-46,,682,-45,,670,-45,,689,-42,,683,-46,,682,-44,,680,-43,,678,-44,,685,-43,,676,-40,,672,-42,,677,-44,,683,-44,,677,-43,,670,-44,
645,-33,,666,-42,,674,-44,,676,-45,,681,-43,,681,-46,,683,-45,,671,-45,,690,-42,,684,-46,,683,-44,,681,-43,,679,-44,,686,-43,,677,-40,,673,-42,,678,-44,,684,-44,,678,-43,,671,-44,
646,-33,,667,-42,,675,-44,,677,-45,,682,-43,,682,-46,,684,-45,,672,-45,,691,-42,,685,-46,,684,-44,,682,-43,,680,-44,,687,-43,,678,-40,,674,-42,,679,-44,,685,-44,,679,-43,,672,-44,
647,-33,,668,-42,,676,-44,,678,-45,,683,-43,,683,-46,,685,-45,,673,-45,,692,-42,,686,-46,,685,-44,,683,-43,,681,-44,,688,-43,,679,-40,,675,-42,,680,-44,,686,-44,,680,-43,,673,-44,
648,-33,,669,-42,,677,-44,,679,-45,,684,-43,,684,-46,,686,-45,,674,-45,,693,-42,,687,-46,,686,-44,,684,-43,,682,-44,,689,-43,,680,-40,,676,-42,,681,-44,,687,-44,,681,-43,,674,-44,
649,-33,,670,-42,,678,-44,,680,-45,,685,-43,,685,-46,,687,-45,,675,-45,,694,-42,,688,-46,,687,-44,,685,-43,,683,-44,,690,-43,,681,-40,,677,-42,,682,-44,,688,-44,,682,-43,,675,-44,
650,-33,,671,-42,,679,-44,,681,-45,,686,-43,,686,-46,,688,-45,,676,-45,,695,-42,,689,-46,,688,-44,,686,-43,,684,-44,,691,-43,,682,-40,,678,-42,,683,-44,,689,-44,,683,-43,,676,-44,
651,-33,,672,-42,,680,-44,,682,-45,,687,-43,,687,-46,,689,-45,,677,-45,,696,-42,,690,-46,,689,-44,,687,-43,,685,-44,,692,-43,,683,-40,,679,-42,,684,-44,,690,-44,,684,-43,,677,-44,
652,-33,,673,-42,,681,-44,,683,-45,,688,-43,,688,-46,,690,-45,,678,-45,,697,-42,,691,-46,,690,-44,,688,-43,,686,-44,,693,-43,,684,-40,,680,-42,,685,-44,,691,-44,,685,-43,,678,-44,
653,-33,,674,-42,,682,-44,,684,-45,,689,-43,,689,-46,,691,-45,,679,-45,,698,-42,,692,-46,,691,-44,,689,-43,,687,-44,,694,-43,,685,-40,,681,-42,,686,-44,,692,-44,,686,-43,,679,-44,
654,-33,,675,-43,,683,-44,,685,-45,,690,-43,,690,-46,,692,-45,,680,-45,,699,-42,,693,-46,,692,-44,,690,-43,,688,-44,,695,-43,,686,-40,,682,-42,,687,-44,,693,-44,,687,-43,,680,-44,
655,-33,,676,-43,,684,-44,,686,-45,,691,-43,,691,-46,,693,-46,,681,-45,,700,-42,,694,-46,,693,-44,,691,-43,,689,-44,,696,-43,,687,-40,,683,-42,,688,-44,,694,-44,,688,-43,,681,-44,
656,-33,,677,-43,,685,-44,,687,-45,,692,-43,,692,-46,,694,-46,,682,-45,,701,-43,,695,-46,,694,-45,,692,-43,,690,-44,,697,-43,,688,-40,,684,-42,,689,-45,,695,-44,,689,-43,,682,-44,
657,-33,,678,-43,,686,-44,,688,-45,,693,-43,,693,-46,,695,-46,,683,-45,,702,-43,,696,-46,,695,-45,,693,-43,,691,-44,,698,-44,,689,-40,,685,-43,,690,-45,,696,-45,,690,-43,,683,-44,
658,-33,,679,-43,,687,-45,,689,-46,,694,-43,,694,-47,,696,-46,,684,-46,,703,-43,,697,-46,,696,-45,,694,-43,,692,-44,,699,-44,,690,-40,,686,-43,,691,-45,,697,-45,,691,-43,,684,-45,
659,-33,,680,-43,,688,-45,,690,-46,,695,-44,,695,-47,,697,-46,,685,-46,,704,-43,,698,-46,,697,-45,,695,-43,,693,-44,,700,-44,,691,-41,,687,-43,,692,-45,,698,-45,,692,-44,,685,-45,
660,-34,,681,-43,,689,-45,,691,-46,,696,-44,,696,-47,,698,-46,,686,-46,,705,-43,,699,-46,,698,-45,,696,-44,,694,-45,,701,-44,,692,-41,,688,-43,,693,-45,,699,-45,,693,-44,,686,-45,
661,-34,,682,-44,,690,-45,,692,-46,,697,-44,,697,-47,,699,-47,,687,-46,,706,-43,,700,-46,,699,-45,,697,-44,,695,-45,,702,-44,,693,-41,,689,-43,,694,-46,,700,-45,,694,-44,,687,-45,
662,-34,,683,-44,,691,-45,,693,-46,,698,-44,,698,-47,,700,-47,,688,-46,,707,-44,,701,-46,,700,-45,,698,-44,,696,-45,,703,-44,,694,-41,,690,-43,,695,-46,,701,-45,,695,-44,,688,-45,
663,-34,,684,-44,,692,-46,,694,-47,,699,-45,,699,-48,,701,-47,,689,-47,,708,-44,,702,-46,,701,-46,,699,-44,,697,-45,,704,-45,,695,-41,,691,-44,,696,-46,,702,-46,,696,-44,,689,-46,
664,-35,,685,-44,,693,-46,,695,-47,,700,-45,,700,-48,,702,-47,,690,-47,,709,-44,,703,-46,,702,-46,,700,-45,,698,-45,,705,-45,,696,-42,,692,-44,,697,-46,,703,-46,,697,-45,,690,-46,
665,-35,,686,-44,,694,-46,,696,-47,,701,-45,,701,-48,,703,-48,,691,-47,,710,-44,,704,-47,,703,-46,,701,-45,,699,-46,,706,-45,,697,-42,,693,-44,,698,-46,,704,-46,,698,-45,,691,-46,
666,-35,,687,-45,,695,-46,,697,-47,,702,-45,,702,-48,,704,-48,,692,-47,,711,-44,,705,-47,,704,-46,,702,-45,,700,-46,,707,-45,,698,-42,,694,-44,,699,-47,,705,-47,,699,-45,,692,-46,
667,-35,,688,-45,,696,-46,,698,-47,,703,-45,,703,-48,,705,-48,,693,-48,,712,-45,,706,-47,,705,-47,,703,-45,,701,-46,,708,-46,,699,-42,,695,-45,,700,-47,,706,-47,,700,-45,,693,-46,
668,-36,,689,-45,,697,-47,,699,-48,,704,-46,,704,-49,,706,-48,,694,-48,,713,-45,,707,-47,,706,-47,,704,-46,,702,-46,,709,-46,,700,-43,,696,-45,,701,-47,,707,-47,,701,-46,,694,-47,
669,-36,,690,-45,,698,-47,,700,-48,,705,-46,,705,-49,,707,-49,,695,-48,,714,-45,,708,-47,,707,-47,,705,-46,,703,-47,,710,-46,,701,-43,,697,-45,,702,-47,,708,-47,,702,-46,,695,-47,
670,-36,,691,-45,,699,-47,,701,-48,,706,-46,,706,-49,,708,-49,,696,-48,,715,-45,,709,-47,,708,-47,,706,-46,,704,-47,,711,-46,,702,-43,,698,-45,,703,-48,,709,-48,,703,-46,,696,-47,
671,-36,,692,-46,,700,-47,,702,-48,,707,-46,,707,-49,,709,-49,,697,-49,,716,-45,,710,-47,,709,-47,,707,-46,,705,-47,,712,-46,,703,-43,,699,-46,,704,-48,,710,-48,,704,-46,,697,-47,
672,-36,,693,-46,,701,-47,,703,-48,,708,-47,,708,-49,,710,-49,,698,-49,,717,-46,,711,-48,,710,-48,,708,-47,,706,-47,,713,-46,,704,-44,,700,-46,,705,-48,,711,-48,,705,-46,,698,-47,
673,-37,,694,-46,,702,-47,,704,-48,,709,-47,,709,-50,,711,-49,,699,-49,,718,-46,,712,-48,,711,-48,,709,-47,,707,-47,,714,-47,,705,-44,,701,-46,,706,-48,,712,-48,,706,-47,,699,-48,
674,-37,,695,-46,,703,-48,,705,-49,,710,-47,,710,-50,,712,-49,,700,-49,,719,-46,,713,-48,,712,-48,,710,-47,,708,-48,,715,-47,,706,-44,,702,-46,,707,-48,,713,-48,,707,-47,,700,-48,
675,-37,,696,-46,,704,-48,,706,-49,,711,-47,,711,-50,,713,-49,,701,-49,,720,-46,,714,-48,,713,-48,,711,-47,,709,-48,,716,-47,,707,-44,,703,-46,,708,-48,,714,-49,,708,-47,,701,-48,
676,-37,,697,-46,,705,-48,,707,-49,,712,-47,,712,-50,,714,-49,,702,-50,,721,-46,,715,-48,,714,-48,,712,-47,,710,-48,,717,-47,,708,-44,,704,-46,,709,-48,,715,-49,,709,-47,,702,-48,
677,-37,,698,-46,,706,-48,,708,-49,,713,-47,,713,-50,,715,-49,,703,-50,,722,-46,,716,-48,,715,-48,,713,-47,,711,-48,,718,-47,,709,-44,,705,-46,,710,-48,,716,-49,,710,-47,,703,-48,
678,-37,,699,-46,,707,-48,,709,-49,,714,-47,,714,-50,,716,-50,,704,-50,,723,-46,,717,-48,,716,-48,,714,-47,,712,-48,,719,-47,,710,-44,,706,-47,,711,-48,,717,-49,,711,-47,,704,-48,
679,-37,,700,-46,,708,-48,,710,-49,,715,-47,,715,-50,,717,-49,,705,-50,,724,-46,,718,-48,,717,-48,,715,-47,,713,-48,,720,-47,,711,-44,,707,-47,,712,-48,,718,-49,,712,-47,,705,-48,
680,-37,,701,-46,,709,-48,,711,-49,,716,-47,,716,-50,,718,-49,,706,-50,,725,-46,,719,-48,,718,-48,,716,-47,,714,-48,,721,-47,,712,-44,,708,-47,,713,-48,,719,-49,,713,-47,,706,-48,
681,-37,,702,-46,,710,-48,,712,-49,,717,-47,,717,-50,,719,-49,,707,-50,,726,-46,,720,-48,,719,-48,,717,-47,,715,-48,,722,-47,,713,-44,,709,-47,,714,-48,,720,-49,,714,-47,,707,-48,
682,-37,,703,-46,,711,-48,,713,-49,,718,-47,,718,-50,,720,-49,,708,-50,,727,-46,,721,-48,,720,-48,,718,-47,,716,-48,,723,-47,,714,-44,,710,-47,,715,-48,,721,-49,,715,-47,,708,-48,
683,-37,,704,-46,,712,-48,,714,-49,,719,-47,,719,-50,,721,-49,,709,-50,,728,-46,,722,-48,,721,-48,,719,-47,,717,-48,,724,-47,,715,-44,,711,-47,,716,-48,,722,-49,,716,-47,,709,-48,
684,-37,,705,-46,,713,-48,,715,-49,,720,-47,,720,-50,,722,-49,,710,-50,,729,-46,,723,-48,,722,-48,,720,-47,,718,-48,,725,-47,,716,-44,,712,-47,,717,-48,,723,-49,,717,-47,,710,-48,
685,-37,,706,-46,,714,-48,,716,-49,,721,-47,,721,-50,,723,-49,,711,-50,,730,-46,,724,-48,,723,-48,,721,-47,,719,-48,,726,-47,,717,-44,,713,-47,,718,-48,,724,-49,,718,-47,,711,-48,
686,-37,,707,-46,,715,-48,,717,-49,,722,-47,,722,-50,,724,-49,,712,-50,,731,-46,,725,-48,,724,-48,,722,-47,,720,-48,,727,-47,,718,-44,,714,-47,,719,-48,,725,-49,,719,-47,,712,-48,
687,-37,,708,-46,,716,-48,,718,-49,,723,-47,,723,-50,,725,-49,,713,-50,,732,-46,,726,-48,,725,-48,,723,-47,,721,-48,,728,-47,,719,-44,,715,-47,,720,-48,,726,-49,,720,-47,,713,-48,
688,-37,,709,-46,,717,-48,,719,-49,,724,-47,,724,-50,,726,-49,,714,-50,,733,-46,,727,-48,,726,-48,,724,-47,,722,-48,,729,-47,,720,-44,,716,-47,,721,-48,,727,-49,,721,-47,,714,-48,
689,-37,,710,-46,,718,-48,,720,-49,,725,-47,,725,-50,,727,-49,,715,-50,,734,-46,,728,-48,,727,-48,,725,-47,,723,-48,,730,-47,,721,-44,,717,-47,,722,-48,,728,-49,,722,-47,,715,-48,
690,-37,,711,-46,,719,-48,,721,-49,,726,-47,,726,-50,,728,-49,,716,-50,,735,-46,,729,-48,,728,-48,,726,-47,,724,-48,,731,-47,,722,-44,,718,-47,,723,-48,,729,-49,,723,-47,,716,-48,
691,-37,,712,-46,,720,-48,,722,-49,,727,-47,,727,-50,,729,-49,,717,-50,,736,-46,,730,-48,,729,-48,,727,-47,,725,-48,,732,-47,,723,-44,,719,-47,,724,-48,,730,-49,,724,-47,,717,-48,
692,-37,,713,-46,,721,-48,,723,-49,,728,-47,,728,-50,,730,-49,,718,-50,,737,-46,,731,-48,,730,-48,,728,-47,,726,-48,,733,-47,,724,-44,,720,-47,,725,-48,,731,-49,,725,-47,,718,-48,
693,-37,,714,-46,,722,-48,,724,-49,,729,-47,,729,-50,,731,-49,,719,-50,,738,-46,,732,-48,,731,-48,,729,-47,,727,-48,,734,-47,,725,-44,,721,-47,,726,-48,,732,-49,,726,-47,,719,-48,
694,-37,,715,-46,,723,-48,,725,-49,,730,-47,,730,-50,,732,-49,,720,-50,,739,-46,,733,-48,,732,-48,,730,-47,,728,-48,,735,-47,,726,-44,,722,-47,,727,-48,,733,-49,,727,-47,,720,-48,
695,-37,,716,-46,,724,-48,,726,-49,,731,-47,,731,-50,,733,-49,,721,-50,,740,-46,,734,-48,,733,-48,,731,-47,,729,-48,,736,-47,,727,-44,,723,-47,,728,-48,,734,-49,,728,-47,,721,-48,
696,-37,,717,-46,,725,-48,,727,-49,,732,-47,,732,-50,,734,-49,,722,-50,,741,-46,,735,-48,,734,-48,,732,-47,,730,-48,,737,-47,,728,-44,,724,-47,,729,-48,,735,-49,,729,-47,,722,-48,
697,-37,,718,-46,,726,-48,,728,-49,,733,-47,,733,-50,,735,-49,,723,-50,,742,-46,,736,-48,,735,-48,,733,-47,,731,-48,,738,-47,,729,-44,,725,-47,,730,-48,,736,-49,,730,-47,,723,-48,
698,-37,,719,-46,,727,-48,,729,-49,,734,-47,,734,-50,,736,-49,,724,-50,,743,-46,,737,-48,,736,-48,,734,-47,,732,-48,,739,-47,,730,-44,,726,-47,,731,-48,,737,-49,,731,-47,,724,-48,
699,-37,,720,-46,,728,-48,,730,-49,,735,-47,,735,-50,,737,-49,,725,-50,,744,-46,,738,-48,,737,-48,,735,-47,,733,-48,,740,-47,,731,-44,,727,-47,,732,-48,,738,-49,,732,-47,,725,-48,
700,-37,,721,-46,,729,-48,,731,-49,,736,-47,,736,-50,,738,-49,,726,-50,,745,-46,,739,-48,,738,-48,,736,-47,,734,-48,,741,-47,,732,-44,,728,-47,,733,-48,,739,-49,,733,-47,,726,-48,
701,-37,,722,-46,,730,-48,,732,-49,,737,-47,,737,-50,,739,-49,,727,-50,,746,-46,,740,-48,,739,-48,,737,-47,,735,-48,,742,-47,,733,-44,,729,-47,,734,-48,,740,-49,,734,-47,,727,-48,
702,-37,,723,-46,,731,-48,,733,-49,,738,-47,,738,-50,,740,-49,,728,-50,,747,-46,,741,-48,,740,-48,,738,-47,,736,-48,,743,-47,,734,-44,,730,-47,,735,-48,,741,-49,,735,-47,,728,-48,
703,-37,,724,-46,,732,-48,,734,-49,,739,-47,,739,-50,,741,-49,,729,-50,,748,-46,,742,-48,,741,-48,,739,-47,,737,-48,,744,-47,,735,-44,,731,-47,,736,-48,,742,-49,,736,-47,,729,-48,
704,-37,,725,-46,,733,-48,,735,-49,,740,-47,,740,-50,,742,-49,,730,-50,,749,-46,,743,-48,,742,-48,,740,-47,,738,-48,,745,-47,,736,-44,,732,-47,,737,-48,,743,-49,,737,-47,,730,-48,
705,-37,,726,-46,,734,-48,,736,-49,,741,-47,,741,-50,,743,-49,,731,-50,,750,-46,,744,-48,,743,-48,,741,-47,,739,-48,,746,-47,,737,-44,,733,-47,,738,-48,,744,-49,,738,-47,,731,-48,
706,-37,,727,-46,,735,-48,,737,-49,,742,-47,,742,-50,,744,-49,,732,-50,,751,-46,,745,-48,,744,-48,,742,-47,,740,-48,,747,-47,,738,-44,,734,-47,,739,-48,,745,-49,,739,-47,,732,-48,
707,-37,,728,-46,,736,-48,,738,-49,,743,-47,,743,-50,,745,-49,,733,-50,,752,-46,,746,-48,,745,-48,,743,-47,,741,-48,,748,-47,,739,-44,,735,-47,,740,-48,,746,-49,,740,-47,,733,-48,
708,-37,,729,-46,,737,-48,,739,-49,,744,-47,,744,-50,,746,-49,,734,-50,,753,-46,,747,-48,,746,-48,,744,-47,,742,-48,,749,-47,,740,-44,,736,-46,,741,-48,,747,-48,,741,-47,,734,-48,
709,-37,,730,-46,,738,-48,,740,-49,,745,-47,,745,-50,,747,-49,,735,-50,,754,-46,,748,-48,,747,-48,,745,-47,,743,-48,,750,-47,,741,-44,,737,-47,,742,-48,,748,-48,,742,-47,,735,-48,
710,-37,,731,-46,,739,-48,,741,-49,,746,-47,,746,-50,,748,-49,,736,-50,,755,-46,,749,-48,,748,-48,,746,-47,,744,-48,,751,-47,,742,-44,,738,-46,,743,-48,,749,-48,,743,-47,,736,-48,
711,-36,,732,-46,,740,-48,,742,-49,,747,-47,,747,-49,,749,-49,,737,-50,,756,-46,,750,-48,,749,-48,,747,-47,,745,-48,,752,-47,,743,-44,,739,-46,,744,-48,,750,-48,,744,-47,,737,-48,
712,-36,,733,-46,,741,-47,,743,-48,,748,-47,,748,-49,,750,-49,,738,-50,,757,-45,,751,-48,,750,-48,,748,-47,,746,-48,,753,-46,,744,-44,,740,-46,,745,-48,,751,-48,,745,-47,,738,-48,
713,-36,,734,-46,,742,-47,,744,-48,,749,-47,,749,-49,,751,-48,,739,-50,,758,-45,,752,-48,,751,-48,,749,-47,,747,-48,,754,-46,,745,-44,,741,-46,,746,-48,,752,-48,,746,-47,,739,-48,
714,-36,,735,-46,,743,-47,,745,-48,,750,-46,,750,-49,,752,-48,,740,-49,,759,-45,,753,-48,,752,-48,,750,-47,,748,-48,,755,-46,,746,-44,,742,-46,,747,-47,,753,-48,,747,-47,,740,-47,
715,-36,,736,-45,,744,-47,,746,-48,,751,-46,,751,-49,,753,-48,,741,-49,,760,-45,,754,-48,,753,-47,,751,-46,,749,-47,,756,-46,,747,-44,,743,-46,,748,-47,,754,-48,,748,-46,,741,-47,
716,-36,,737,-45,,745,-47,,747,-48,,752,-46,,752,-48,,754,-48,,742,-49,,761,-45,,755,-48,,754,-47,,752,-46,,750,-47,,757,-46,,748,-43,,744,-46,,749,-47,,755,-47,,749,-46,,742,-47,
717,-36,,738,-45,,746,-47,,748,-48,,753,-46,,753,-48,,755,-48,,743,-49,,762,-44,,756,-48,,755,-47,,753,-46,,751,-47,,758,-46,,749,-43,,745,-45,,750,-47,,756,-47,,750,-46,,743,-47,
718,-35,,739,-45,,747,-46,,749,-47,,754,-45,,754,-48,,756,-47,,744,-48,,763,-44,,757,-48,,756,-47,,754,-46,,752,-47,,759,-45,,750,-43,,746,-45,,751,-46,,757,-47,,751,-46,,744,-47,
719,-35,,740,-45,,748,-46,,750,-47,,755,-45,,755,-48,,757,-47,,745,-48,,764,-44,,758,-47,,757,-47,,755,-45,,753,-46,,760,-45,,751,-43,,747,-45,,752,-46,,758,-47,,752,-45,,745,-46,
720,-35,,741,-44,,749,-46,,751,-47,,756,-45,,756,-48,,758,-47,,746,-48,,765,-44,,759,-47,,758,-46,,756,-45,,754,-46,,761,-45,,752,-43,,748,-45,,753,-46,,759,-46,,753,-45,,746,-46,
721,-35,,742,-44,,750,-46,,752,-47,,757,-45,,757,-47,,759,-47,,747,-47,,766,-44,,760,-47,,759,-46,,757,-45,,755,-46,,762,-45,,753,-42,,749,-44,,754,-46,,760,-46,,754,-45,,747,-46,
722,-35,,743,-44,,751,-46,,753,-47,,758,-45,,758,-47,,760,-47,,748,-47,,767,-44,,761,-47,,760,-46,,758,-45,,756,-46,,763,-45,,754,-42,,750,-44,,755,-46,,761,-46,,755,-45,,748,-46,
723,-35,,744,-44,,752,-46,,754,-46,,759,-45,,759,-47,,761,-47,,749,-47,,768,-44,,762,-47,,761,-46,,759,-45,,757,-46,,764,-45,,755,-42,,751,-44,,756,-46,,762,-46,,756,-45,,749,-46,
724,-34,,745,-44,,753,-46,,755,-46,,760,-45,,760,-47,,762,-46,,750,-47,,769,-44,,763,-47,,762,-46,,760,-45,,758,-46,,765,-45,,756,-42,,752,-44,,757,-46,,763,-46,,757,-44,,750,-46,
725,-34,,746,-44,,754,-46,,756,-46,,761,-44,,761,-47,,763,-46,,751,-47,,770,-44,,764,-47,,763,-46,,761,-44,,759,-45,,766,-45,,757,-42,,753,-44,,758,-46,,764,-46,,758,-44,,751,-46,
726,-34,,747,-44,,755,-46,,757,-46,,762,-44,,762,-47,,764,-46,,752,-47,,771,-44,,765,-47,,764,-46,,762,-44,,760,-45,,767,-45,,758,-42,,754,-44,,759,-46,,765,-46,,759,-44,,752,-46,
727,-34,,748,-44,,756,-45,,758,-46,,763,-44,,763,-47,,765,-47,,753,-47,,772,-44,,766,-47,,765,-46,,763,-44,,761,-45,,768,-45,,759,-42,,755,-44,,760,-46,,766,-46,,760,-44,,753,-45,
728,-34,,749,-44,,757,-45,,759,-46,,764,-44,,764,-47,,766,-47,,754,-47,,773,-44,,767,-47,,766,-46,,764,-44,,762,-45,,769,-45,,760,-42,,756,-44,,761,-46,,767,-46,,761,-44,,754,-45,
729,-34,,750,-44,,758,-45,,760,-46,,765,-44,,765,-47,,767,-46,,755,-47,,774,-44,,768,-47,,767,-46,,765,-44,,763,-45,,770,-45,,761,-42,,757,-44,,762,-46,,768,-46,,762,-44,,755,-45,
730,-34,,751,-44,,759,-46,,761,-46,,766,-44,,766,-47,,768,-47,,756,-47,,775,-44,,769,-47,,768,-46,,766,-44,,764,-45,,771,-45,,762,-42,,758,-44,,763,-46,,769,-46,,763,-44,,756,-46,
731,-35,,752,-44,,760,-46,,762,-46,,767,-44,,767,-47,,769,-47,,757,-47,,776,-44,,770,-47,,769,-46,,767,-44,,765,-45,,772,-45,,763,-42,,759,-44,,764,-46,,770,-46,,764,-44,,757,-46,
732,-35,,753,-44,,761,-45,,763,-46,,768,-44,,768,-47,,770,-47,,758,-47,,777,-44,,771,-47,,770,-46,,768,-44,,766,-45,,773,-45,,764,-42,,760,-44,,765,-46,,771,-46,,765,-44,,758,-46,
733,-35,,754,-44,,762,-45,,764,-46,,769,-44,,769,-47,,771,-47,,759,-47,,778,-44,,772,-47,,771,-46,,769,-44,,767,-45,,774,-45,,765,-42,,761,-44,,766,-46,,772,-46,,766,-44,,759,-46,
734,-35,,755,-44,,763,-46,,765,-46,,770,-44,,770,-47,,772,-47,,760,-47,,779,-44,,773,-47,,772,-46,,770,-44,,768,-45,,775,-45,,766,-42,,762,-44,,767,-46,,773,-46,,767,-44,,760,-46,
735,-35,,756,-44,,764,-45,,766,-46,,771,-44,,771,-47,,773,-47,,761,-47,,780,-44,,774,-47,,773,-46,,771,-44,,769,-45,,776,-45,,767,-42,,763,-44,,768,-46,,774,-46,,768,-44,,761,-45,
736,-35,,757,-44,,765,-46,,767,-46,,772,-44,,772,-47,,774,-47,,762,-47,,781,-44,,775,-47,,774,-46,,772,-44,,770,-45,,777,-45,,768,-42,,764,-44,,769,-46,,775,-46,,769,-44,,762,-46,
737,-35,,758,-44,,766,-46,,768,-46,,773,-45,,773,-47,,775,-47,,763,-47,,782,-44,,776,-47,,775,-46,,773,-44,,771,-45,,778,-45,,769,-42,,765,-44,,770,-46,,776,-46,,770,-44,,763,-46,
738,-35,,759,-44,,767,-46,,769,-46,,774,-45,,774,-47,,776,-47,,764,-47,,783,-44,,777,-47,,776,-46,,774,-44,,772,-45,,779,-45,,770,-42,,766,-44,,771,-46,,777,-46,,771,-44,,764,-46,
739,-35,,760,-44,,768,-46,,770,-46,,775,-45,,775,-47,,777,-47,,765,-47,,784,-44,,778,-47,,777,-46,,775,-44,,773,-45,,780,-45,,771,-42,,767,-44,,772,-46,,778,-46,,772,-44,,765,-46,
740,-35,,761,-44,,769,-46,,771,-46,,776,-45,,776,-47,,778,-47,,766,-47,,785,-44,,779,-47,,778,-46,,776,-45,,774,-45,,781,-45,,772,-42,,768,-44,,773,-46,,779,-46,,773,-44,,766,-46,
741,-35,,762,-44,,770,-46,,772,-47,,777,-45,,777,-47,,779,-47,,767,-47,,786,-44,,780,-47,,779,-46,,777,-45,,775,-46,,782,-45,,773,-42,,769,-44,,774,-46,,780,-46,,774,-44,,767,-46,
742,-35,,763,-44,,771,-46,,773,-47,,778,-45,,778,-48,,780,-47,,768,-47,,787,-44,,781,-47,,780,-46,,778,-45,,776,-46,,783,-45,,774,-42,,770,-44,,775,-46,,781,-46,,775,-44,,768,-46,
743,-35,,764,-44,,772,-46,,774,-47,,779,-45,,779,-48,,781,-47,,769,-47,,788,-44,,782,-47,,781,-46,,779,-45,,777,-46,,784,-45,,775,-42,,771,-44,,776,-46,,782,-46,,776,-45,,769,-46,
744,-35,,765,-44,,773,-46,,775,-47,,780,-45,,780,-48,,782,-47,,770,-47,,789,-44,,783,-47,,782,-46,,780,-45,,778,-46,,785,-45,,776,-42,,772,-44,,777,-46,,783,-46,,777,-45,,770,-46,
745,-35,,766,-44,,774,-46,,776,-47,,781,-45,,781,-48,,783,-47,,771,-47,,790,-44,,784,-47,,783,-46,,781,-45,,779,-46,,786,-45,,777,-42,,773,-44,,778,-46,,784,-46,,778,-45,,771,-46,
746,-35,,767,-44,,775,-46,,777,-47,,782,-45,,782,-48,,784,-48,,772,-47,,791,-44,,785,-47,,784,-46,,782,-45,,780,-46,,787,-45,,778,-42,,774,-44,,779,-46,,785,-46,,779,-45,,772,-46,
747,-35,,768,-45,,776,-46,,778,-47,,783,-45,,783,-48,,785,-48,,773,-47,,792,-45,,786,-47,,785,-46,,783,-45,,781,-46,,788,-45,,779,-42,,775,-44,,780,-46,,786,-47,,780,-45,,773,-46,
748,-35,,769,-45,,777,-46,,779,-47,,784,-45,,784,-48,,786,-48,,774,-47,,793,-45,,787,-47,,786,-46,,784,-45,,782,-46,,789,-45,,780,-42,,776,-45,,781,-47,,787,-47,,781,-45,,774,-46,
749,-35,,770,-45,,778,-46,,780,-47,,785,-45,,785,-48,,787,-48,,775,-48,,794,-45,,788,-47,,787,-47,,785,-45,,783,-46,,790,-46,,781,-42,,777,-45,,782,-47,,788,-47,,782,-45,,775,-46,
750,-35,,771,-45,,779,-46,,781,-47,,786,-45,,786,-48,,788,-48,,776,-48,,795,-45,,789,-47,,788,-47,,786,-46,,784,-46,,791,-46,,782,-42,,778,-45,,783,-47,,789,-47,,783,-45,,776,-46,
751,-35,,772,-45,,780,-47,,782,-47,,787,-46,,787,-49,,789,-48,,777,-48,,796,-45,,790,-47,,789,-47,,787,-46,,785,-46,,792,-46,,783,-43,,779,-45,,784,-47,,790,-47,,784,-45,,777,-47,
752,-36,,773,-45,,781,-47,,783,-47,,788,-46,,788,-49,,790,-48,,778,-48,,797,-45,,791,-47,,790,-47,,788,-46,,786,-46,,793,-46,,784,-43,,780,-45,,785,-47,,791,-47,,785,-46,,778,-47,
753,-36,,774,-45,,782,-47,,784,-47,,789,-46,,789,-49,,791,-48,,779,-48,,798,-45,,792,-48,,791,-47,,789,-46,,787,-47,,794,-46,,785,-43,,781,-45,,786,-47,,792,-47,,786,-46,,779,-47,
754,-36,,775,-45,,783,-47,,785,-47,,790,-46,,790,-49,,792,-48,,780,-48,,799,-45,,793,-48,,792,-47,,790,-46,,788,-47,,795,-46,,786,-43,,782,-45,,787,-47,,793,-47,,787,-46,,780,-47,
755,-36,,776,-45,,784,-47,,786,-47,,791,-46,,791,-49,,793,-49,,781,-48,,800,-45,,794,-48,,793,-47,,791,-46,,789,-47,,796,-46,,787,-43,,783,-45,,788,-47,,794,-48,,788,-46,,781,-47,
756,-36,,777,-45,,785,-47,,787,-47,,792,-46,,792,-49,,794,-49,,782,-49,,801,-45,,795,-48,,794,-47,,792,-46,,790,-47,,797,-46,,788,-43,,784,-46,,789,-47,,795,-48,,789,-46,,782,-47,
757,-36,,778,-46,,786,-47,,788,-47,,793,-46,,793,-49,,795,-49,,783,-49,,802,-45,,796,-48,,795,-47,,793,-46,,791,-47,,798,-46,,789,-43,,785,-46,,790,-48,,796,-48,,790,-46,,783,-47,
758,-36,,779,-46,,787,-47,,789,-47,,794,-46,,794,-49,,796,-49,,784,-49,,803,-45,,797,-48,,796,-48,,794,-46,,792,-47,,799,-46,,790,-43,,786,-46,,791,-48,,797,-48,,791,-46,,784,-47,
759,-36,,780,-46,,788,-47,,790,-47,,795,-46,,795,-49,,797,-49,,785,-49,,804,-45,,798,-48,,797,-48,,795,-47,,793,-47,,800,-46,,791,-43,,787,-46,,792,-48,,798,-48,,792,-46,,785,-47,
760,-36,,781,-46,,789,-47,,791,-48,,796,-46,,796,-49,,798,-49,,786,-49,,805,-45,,799,-48,,798,-48,,796,-47,,794,-47,,801,-46,,792,-43,,788,-46,,793,-48,,799,-48,,793,-46,,786,-47,
761,-36,,782,-46,,790,-47,,792,-48,,797,-46,,797,-49,,799,-49,,787,-49,,806,-45,,800,-48,,799,-48,,797,-47,,795,-47,,802,-46,,793,-43,,789,-46,,794,-48,,800,-48,,794,-46,,787,-47,
762,-36,,783,-46,,791,-47,,793,-48,,798,-46,,798,-49,,800,-49,,788,-49,,807,-45,,801,-48,,800,-48,,798,-47,,796,-47,,803,-46,,794,-43,,790,-46,,795,-48,,801,-48,,795,-46,,788,-47,
763,-36,,784,-46,,792,-47,,794,-48,,799,-46,,799,-49,,801,-49,,789,-49,,808,-45,,802,-48,,801,-48,,799,-47,,797,-47,,804,-46,,795,-43,,791,-46,,796,-48,,802,-48,,796,-47,,789,-48,
764,-36,,785,-46,,793,-47,,795,-48,,800,-46,,800,-49,,802,-49,,790,-49,,809,-45,,803,-48,,802,-48,,800,-47,,798,-48,,805,-46,,796,-44,,792,-46,,797,-48,,803,-48,,797,-47,,790,-47,
765,-36,,786,-46,,794,-47,,796,-48,,801,-46,,801,-49,,803,-49,,791,-49,,810,-45,,804,-48,,803,-48,,801,-47,,799,-47,,806,-46,,797,-44,,793,-46,,798,-48,,804,-48,,798,-47,,791,-47,
766,-36,,787,-46,,795,-47,,797,-48,,802,-46,,802,-49,,804,-49,,792,-49,,811,-45,,805,-48,,804,-48,,802,-47,,800,-47,,807,-46,,798,-44,,794,-46,,799,-48,,805,-48,,799,-47,,792,-47,
767,-36,,788,-46,,796,-47,,798,-48,,803,-46,,803,-49,,805,-49,,793,-49,,812,-45,,806,-48,,805,-48,,803,-47,,801,-48,,808,-46,,799,-44,,795,-46,,800,-48,,806,-48,,800,-47,,793,-47,
768,-36,,789,-46,,797,-47,,799,-48,,804,-46,,804,-49,,806,-49,,794,-49,,813,-45,,807,-48,,806,-48,,804,-47,,802,-47,,809,-46,,800,-44,,796,-46,,801,-48,,807,-48,,801,-47,,794,-47,
769,-36,,790,-46,,798,-47,,800,-48,,805,-46,,805,-49,,807,-49,,795,-49,,814,-45,,808,-48,,807,-48,,805,-47,,803,-48,,810,-46,,801,-44,,797,-46,,802,-48,,808,-48,,802,-47,,795,-47,
770,-36,,791,-46,,799,-47,,801,-48,,806,-46,,806,-49,,808,-49,,796,-49,,815,-45,,809,-48,,808,-48,,806,-47,,804,-47,,811,-46,,802,-44,,798,-46,,803,-48,,809,-48,,803,-47,,796,-48,
771,-36,,792,-46,,800,-47,,802,-48,,807,-46,,807,-49,,809,-49,,797,-49,,816,-45,,810,-48,,809,-48,,807,-47,,805,-48,,812,-46,,803,-44,,799,-46,,804,-48,,810,-48,,804,-47,,797,-48,
772,-36,,793,-46,,801,-47,,803,-48,,808,-46,,808,-49,,810,-49,,798,-49,,817,-45,,811,-48,,810,-48,,808,-47,,806,-48,,813,-46,,804,-44,,800,-46,,805,-48,,811,-48,,805,-47,,798,-48,
773,-36,,794,-46,,802,-47,,804,-48,,809,-46,,809,-49,,811,-49,,799,-49,,818,-45,,812,-48,,811,-48,,809,-47,,807,-47,,814,-46,,805,-44,,801,-46,,806,-48,,812,-48,,806,-47,,799,-48,
774,-36,,795,-46,,803,-47,,805,-48,,810,-46,,810,-49,,812,-49,,800,-49,,819,-45,,813,-48,,812,-48,,810,-47,,808,-47,,815,-46,,806,-44,,802,-46,,807,-48,,813,-48,,807,-47,,800,-48,
775,-36,,796,-46,,804,-47,,806,-48,,811,-46,,811,-49,,813,-49,,801,-49,,820,-45,,814,-48,,813,-48,,811,-47,,809,-48,,816,-46,,807,-44,,803,-46,,808,-48,,814,-48,,808,-47,,801,-48,
776,-36,,797,-46,,805,-47,,807,-48,,812,-46,,812,-49,,814,-49,,802,-49,,821,-45,,815,-48,,814,-48,,812,-47,,810,-48,,817,-46,,808,-44,,804,-46,,809,-48,,815,-48,,809,-47,,802,-48,
777,-36,,798,-46,,806,-47,,808,-48,,813,-46,,813,-49,,815,-49,,803,-49,,822,-45,,816,-48,,815,-48,,813,-47,,811,-47,,818,-46,,809,-44,,805,-46,,810,-48,,816,-48,,810,-47,,803,-48,
778,-36,,799,-46,,807,-47,,809,-48,,814,-46,,814,-49,,816,-49,,804,-49,,823,-45,,817,-48,,816,-48,,814,-47,,812,-47,,819,-46,,810,-44,,806,-46,,811,-48,,817,-48,,811,-47,,804,-48,
779,-36,,800,-46,,808,-47,,810,-48,,815,-46,,815,-49,,817,-49,,805,-49,,824,-45,,818,-48,,817,-48,,815,-47,,813,-48,,820,-46,,811,-44,,807,-46,,812,-48,,818,-48,,812,-47,,805,-48,
780,-36,,801,-46,,809,-47,,811,-48,,816,-46,,816,-49,,818,-49,,806,-49,,825,-45,,819,-48,,818,-48,,816,-47,,814,-47,,821,-46,,812,-44,,808,-46,,813,-48,,819,-48,,813,-47,,806,-48,
781,-36,,802,-46,,810,-47,,812,-48,,817,-46,,817,-49,,819,-49,,807,-49,,826,-45,,820,-48,,819,-48,,817,-47,,815,-47,,822,-46,,813,-44,,809,-46,,814,-48,,820,-48,,814,-47,,807,-48,
782,-36,,803,-46,,811,-47,,813,-48,,818,-46,,818,-49,,820,-49,,808,-49,,827,-45,,821,-48,,820,-48,,818,-47,,816,-48,,823,-46,,814,-44,,810,-46,,815,-48,,821,-48,,815,-47,,808,-48,
783,-36,,804,-46,,812,-47,,814,-48,,819,-46,,819,-49,,821,-49,,809,-49,,828,-45,,822,-48,,821,-48,,819,-47,,817,-48,,824,-46,,815,-44,,811,-46,,816,-48,,822,-48,,816,-47,,809,-48,
784,-36,,805,-46,,813,-47,,815,-48,,820,-46,,820,-49,,822,-49,,810,-49,,829,-45,,823,-48,,822,-48,,820,-47,,818,-48,,825,-46,,816,-44,,812,-46,,817,-48,,823,-48,,817,-47,,810,-48,
785,-36,,806,-46,,814,-47,,816,-48,,821,-46,,821,-49,,823,-49,,811,-49,,830,-45,,824,-48,,823,-48,,821,-47,,819,-47,,826,-46,,817,-44,,813,-46,,818,-48,,824,-48,,818,-47,,811,-48,
786,-36,,807,-46,,815,-47,,817,-48,,822,-47,,822,-49,,824,-49,,812,-49,,831,-45,,825,-48,,824,-48,,822,-47,,820,-47,,827,-46,,818,-44,,814,-46,,819,-48,,825,-48,,819,-47,,812,-48,
787,-36,,808,-46,,816,-47,,818,-48,,823,-46,,823,-49,,825,-49,,813,-49,,832,-45,,826,-48,,825,-48,,823,-47,,821,-47,,828,-46,,819,-44,,815,-46,,820,-48,,826,-48,,820,-46,,813,-48,
788,-36,,809,-46,,817,-47,,819,-48,,824,-46,,824,-49,,826,-49,,814,-49,,833,-45,,827,-48,,826,-48,,824,-47,,822,-47,,829,-46,,820,-44,,816,-46,,821,-48,,827,-48,,821,-46,,814,-48,
789,-36,,810,-46,,818,-47,,820,-48,,825,-46,,825,-49,,827,-49,,815,-49,,834,-45,,828,-48,,827,-48,,825,-47,,823,-48,,830,-46,,821,-44,,817,-46,,822,-48,,828,-48,,822,-46,,815,-47,
790,-36,,811,-46,,819,-47,,821,-48,,826,-46,,826,-49,,828,-49,,816,-49,,835,-45,,829,-48,,828,-48,,826,-47,,824,-47,,831,-46,,822,-44,,818,-46,,823,-48,,829,-48,,823,-46,,816,-47,
791,-36,,812,-46,,820,-47,,822,-48,,827,-46,,827,-49,,829,-49,,817,-49,,836,-45,,830,-48,,829,-48,,827,-46,,825,-47,,832,-46,,823,-44,,819,-46,,824,-48,,830,-48,,824,-46,,817,-47,
792,-36,,813,-46,,821,-47,,823,-48,,828,-46,,828,-49,,830,-49,,818,-49,,837,-45,,831,-48,,830,-48,,828,-46,,826,-47,,833,-46,,824,-44,,820,-46,,825,-48,,831,-48,,825,-46,,818,-47,
793,-36,,814,-46,,822,-47,,824,-48,,829,-46,,829,-49,,831,-48,,819,-49,,838,-45,,832,-48,,831,-48,,829,-47,,827,-47,,834,-46,,825,-43,,821,-46,,826,-47,,832,-48,,826,-46,,819,-47,
